station_number,wban_number,year,month,day,mean_temp,num_mean_temp_samples,mean_dew_point,num_mean_dew_point_samples,mean_sealevel_pressure,num_mean_sealevel_pressure_samples,mean_station_pressure,num_mean_station_pressure_samples,mean_visibility,num_mean_visibility_samples,mean_wind_speed,num_mean_wind_speed_samples,max_sustained_wind_speed,max_gust_wind_speed,max_temperature,max_temperature_explicit,min_temperature,min_temperature_explicit,total_precipitation,snow_depth,fog,rain,snow,hail,thunder,tornado
39800,99999,1929,12,11,45.5,4,43.5,4,981.4000244,4,,,4.300000191,4,19.79999924,4,29.89999962,,34,FALSE,,,,,FALSE,FALSE,FALSE,FALSE,FALSE,FALSE
37770,99999,1929,12,6,47,4,41.29999924,4,993.0999756,4,,,4.300000191,4,14.30000019,4,18.10000038,,45,FALSE,,,,,FALSE,FALSE,FALSE,FALSE,FALSE,FALSE
31590,99999,1929,12,6,45.79999924,4,38.29999924,4,974.5,4,,,12.39999962,4,24.5,4,36.90000153,,43,FALSE,,,0,,FALSE,FALSE,FALSE,FALSE,FALSE,FALSE
30910,99999,1929,11,25,49.79999924,4,,,986.5,4,,,3.900000095,4,16.39999962,4,23.89999962,,41,FALSE,,,0.03999999911,,FALSE,FALSE,FALSE,FALSE,FALSE,FALSE
33790,99999,1929,8,29,62,4,56.29999924,4,1015.599976,4,,,9.300000191,4,11.19999981,4,18.10000038,,54,FALSE,,,0,,FALSE,FALSE,FALSE,FALSE,FALSE,FALSE
38110,99999,1929,11,2,47.79999924,4,44,4,1027.900024,4,,,6.800000191,4,6,4,13,,42.09999847,FALSE,,,,,FALSE,FALSE,FALSE,FALSE,FALSE,FALSE
33790,99999,1929,9,17,55.70000076,4,52.79999924,4,1021.799988,4,,,1.399999976,4,4.300000191,4,5.099999905,,48,FALSE,,,0,,TRUE,TRUE,TRUE,TRUE,TRUE,TRUE
30750,99999,1929,12,7,43.29999924,4,41.79999924,4,966.5999756,4,,,6.199999809,4,12.5,4,29.89999962,,42.09999847,TRUE,,,,,FALSE,FALSE,FALSE,FALSE,FALSE,FALSE
34970,99999,1929,8,26,62.59999847,4,56,4,1023.5,4,,,5.900000095,4,11,4,13,,59,FALSE,,,0,,FALSE,FALSE,FALSE,FALSE,FALSE,FALSE
37770,99999,1929,12,19,36,4,28.79999924,4,1033.099976,4,,,1.899999976,4,8.199999809,4,13,,30,FALSE,,,0,,FALSE,FALSE,FALSE,FALSE,FALSE,FALSE
38040,99999,1929,10,27,47.79999924,5,42.29999924,4,1009.900024,5,,,14.19999981,5,16.79999924,5,23.89999962,,45,FALSE,,,0.3899999857,,FALSE,FALSE,FALSE,FALSE,FALSE,FALSE
32620,99999,1929,12,4,46.59999847,5,42.20000076,4,995.2000122,5,,,2.900000095,5,7.400000095,5,8.899999619,,44.09999847,FALSE,,,0.01999999955,,FALSE,FALSE,FALSE,FALSE,FALSE,FALSE
39800,99999,1929,12,23,39.20000076,5,36,4,980.2000122,5,,,6,5,14.19999981,5,18.10000038,,30.89999962,FALSE,,,0.03999999911,,FALSE,FALSE,FALSE,FALSE,FALSE,FALSE
33790,99999,1930,10,6,48,4,47,4,996.5999756,4,,,6.800000191,4,14.30000019,4,18.10000038,,44.09999847,FALSE,,,,,FALSE,FALSE,FALSE,FALSE,FALSE,FALSE
30050,99999,1930,8,11,57.20000076,4,53.5,4,,,,,7.800000191,4,3.5,4,5.099999905,,54,FALSE,,,0,,FALSE,FALSE,FALSE,FALSE,FALSE,FALSE
30260,99999,1930,12,21,43.20000076,4,39.20000076,4,1026.199951,4,,,7.800000191,4,10,4,13,,39.90000153,FALSE,,,0,,FALSE,FALSE,FALSE,FALSE,FALSE,FALSE
36010,99999,1930,4,14,46.79999924,4,39.20000076,4,1004.200012,4,,,7.800000191,4,14.30000019,4,18.10000038,,43,FALSE,,,,,FALSE,FALSE,FALSE,FALSE,FALSE,FALSE
38640,99999,1930,4,25,49.5,4,48.5,4,1003.900024,4,,,5.900000095,4,7.199999809,4,13,,44.09999847,FALSE,,,,,FALSE,FALSE,FALSE,FALSE,FALSE,FALSE
39730,99999,1930,7,14,54.79999924,4,48.5,4,1010.799988,4,,,10.89999962,4,17.20000076,4,23.89999962,,52,FALSE,,,,,FALSE,FALSE,FALSE,FALSE,FALSE,FALSE
33960,99999,1930,9,6,61.5,4,60.5,4,1012.700012,4,,,3.099999905,4,2.700000048,4,5.099999905,,57.90000153,FALSE,,,,,FALSE,FALSE,FALSE,FALSE,FALSE,FALSE
37950,99999,1930,1,27,45.5,4,42.5,4,999.7000122,4,,,1.200000048,4,7,4,8.899999619,,36,FALSE,,,0,,FALSE,FALSE,FALSE,FALSE,FALSE,FALSE
33960,99999,1930,5,20,52,4,48.5,4,1017.700012,4,,,5.300000191,4,8.300000191,4,13,,51.09999847,FALSE,,,0,,FALSE,FALSE,FALSE,FALSE,FALSE,FALSE
30050,99999,1930,9,5,54.29999924,4,52.5,4,1013.700012,4,,,2.5,4,12,4,13,,52,FALSE,,,,,FALSE,FALSE,FALSE,FALSE,FALSE,FALSE
38640,99999,1930,1,14,51.79999924,4,46.70000076,4,1008.700012,4,,,7.800000191,4,21,4,23.89999962,,50,FALSE,,,0,,FALSE,FALSE,FALSE,FALSE,FALSE,FALSE
38940,99999,1930,8,7,57.70000076,4,51.79999924,4,1013.299988,4,,,17.10000038,4,4.300000191,4,5.099999905,,54,FALSE,,,0,,FALSE,FALSE,FALSE,FALSE,FALSE,FALSE
33110,99999,1930,2,19,36,4,30.20000076,4,1029.599976,4,,,3.099999905,4,4.800000191,4,8.899999619,,28.89999962,FALSE,,,0,,FALSE,FALSE,FALSE,FALSE,FALSE,FALSE
33110,99999,1930,1,11,38.79999924,4,28.5,4,981.7000122,4,,,10.89999962,4,23.89999962,4,29.89999962,,37,TRUE,,,0,,FALSE,FALSE,FALSE,FALSE,FALSE,FALSE
36010,99999,1930,11,28,41.5,4,39.70000076,4,1007.200012,4,,,12.39999962,4,6.5,4,13,,37.90000153,FALSE,,,0,,FALSE,FALSE,FALSE,FALSE,FALSE,FALSE
30750,99999,1930,8,9,55.79999924,4,54.70000076,4,1013.5,4,,,9.300000191,4,3.5,4,5.099999905,,48,FALSE,,,0,,FALSE,FALSE,FALSE,FALSE,FALSE,FALSE
39530,99999,1930,5,14,52.70000076,4,49.20000076,4,1012.599976,4,,,9.300000191,4,11,4,13,,48,FALSE,,,0,,FALSE,FALSE,FALSE,FALSE,FALSE,FALSE
33790,99999,1930,5,17,56.29999924,4,47.29999924,4,1019.5,4,,,5.300000191,4,8.300000191,4,13,,48,FALSE,,,,,FALSE,FALSE,FALSE,FALSE,FALSE,FALSE
30750,99999,1930,9,21,54.70000076,4,53,4,998.0999756,4,,,10.89999962,4,10,4,13,,52,FALSE,,,0,,FALSE,FALSE,FALSE,FALSE,FALSE,FALSE
39800,99999,1930,7,4,56.29999924,4,53.5,4,1011.900024,4,,,2.5,4,5.199999809,4,8.899999619,,54,TRUE,,,0,,TRUE,TRUE,TRUE,TRUE,TRUE,TRUE
38110,99999,1930,1,22,48.70000076,4,47.5,4,1012.299988,4,,,4.5,4,16.5,4,23.89999962,,48,FALSE,,,,,FALSE,FALSE,FALSE,FALSE,FALSE,FALSE
32620,99999,1930,5,12,44.70000076,4,39,4,1006.299988,4,,,6.800000191,4,6,4,8.899999619,,39,FALSE,,,,,FALSE,FALSE,FALSE,FALSE,FALSE,FALSE
34970,99999,1930,4,22,40.79999924,4,35,4,1012.299988,4,,,5.300000191,4,10.30000019,4,18.10000038,,33.09999847,FALSE,,,0,,FALSE,FALSE,FALSE,FALSE,FALSE,FALSE
38560,99999,1930,7,24,58,4,52.79999924,4,1011.299988,4,,,7.800000191,4,12,4,13,,53.09999847,FALSE,,,0,,FALSE,FALSE,FALSE,FALSE,FALSE,FALSE
38640,99999,1930,3,3,45.79999924,4,41.5,4,1023.799988,4,,,3.400000095,4,10,4,13,,42.09999847,FALSE,,,,,FALSE,FALSE,FALSE,FALSE,FALSE,FALSE
38940,99999,1930,9,28,57,4,47.90000153,4,1018.299988,4,,,10.89999962,4,8.899999619,4,8.899999619,,53.09999847,FALSE,,,0,,FALSE,FALSE,FALSE,FALSE,FALSE,FALSE
38940,99999,1930,7,9,62.5,4,58.70000076,4,1024.699951,4,,,6.199999809,4,2.200000048,4,5.099999905,,59,FALSE,,,0,,TRUE,TRUE,TRUE,TRUE,TRUE,TRUE
30750,99999,1930,5,24,47.79999924,4,46.70000076,4,1025.699951,4,,,5,4,8,4,8.899999619,,46.90000153,FALSE,,,0,,FALSE,FALSE,FALSE,FALSE,FALSE,FALSE
33110,99999,1930,7,24,56,4,51.79999924,4,1013.599976,4,,,9.899999619,4,14.69999981,4,23.89999962,,54,FALSE,,,,,FALSE,FALSE,FALSE,FALSE,FALSE,FALSE
38040,99999,1930,5,14,52,4,51,4,1016,4,,,2.799999952,4,10,4,13,,48.90000153,FALSE,,,0,,TRUE,TRUE,TRUE,TRUE,TRUE,TRUE
39800,99999,1930,12,25,41.79999924,4,,,999.4000244,4,,,4.300000191,4,10.30000019,4,18.10000038,,39.90000153,FALSE,,,0.01999999955,,FALSE,FALSE,FALSE,FALSE,FALSE,FALSE
36010,99999,1930,8,30,59.29999924,4,58.20000076,4,1021.099976,4,,,0.400000006,4,4,4,8.899999619,,55,FALSE,,,0,,TRUE,TRUE,TRUE,TRUE,TRUE,TRUE
37950,99999,1930,9,30,52.20000076,4,50.5,4,1019.5,4,,,1.600000024,4,8.899999619,4,8.899999619,,42.09999847,FALSE,,,0,,TRUE,TRUE,TRUE,TRUE,TRUE,TRUE
37950,99999,1930,8,2,62.70000076,4,58,4,1001.700012,4,,,14,4,13.30000019,4,18.10000038,,60.09999847,FALSE,,,,,FALSE,FALSE,FALSE,FALSE,FALSE,FALSE
38110,99999,1930,9,5,61.29999924,4,59.29999924,4,1016.200012,4,,,9.300000191,4,8,4,8.899999619,,59,FALSE,,,0,,FALSE,FALSE,FALSE,FALSE,FALSE,FALSE
39530,99999,1930,3,29,47.29999924,4,40.5,4,1001.700012,4,,,12.39999962,4,21.20000076,4,29.89999962,,43,FALSE,,,0,,FALSE,FALSE,FALSE,FALSE,FALSE,FALSE
39800,99999,1930,1,25,37,4,33.59999847,4,991.9000244,4,,,9.300000191,4,12.19999981,4,18.10000038,,33.09999847,FALSE,,,0,,FALSE,FALSE,FALSE,FALSE,FALSE,FALSE
38560,99999,1930,3,30,47.5,4,44.20000076,4,1016,4,,,9.300000191,4,13,4,13,,41,FALSE,,,0,,FALSE,FALSE,FALSE,FALSE,FALSE,FALSE
37770,99999,1930,12,9,36,4,35,4,1004.700012,4,,,1.399999976,4,6.199999809,4,8.899999619,,33.09999847,FALSE,,,,,TRUE,TRUE,TRUE,TRUE,TRUE,TRUE
37770,99999,1930,10,14,56.5,4,48.5,4,1016.299988,4,,,4.300000191,4,9,4,13,,48,FALSE,,,,,FALSE,FALSE,FALSE,FALSE,FALSE,FALSE
38640,99999,1930,8,24,60,4,52,4,1021,4,,,9.300000191,4,11,4,13,,53.09999847,FALSE,,,0,,FALSE,FALSE,FALSE,FALSE,FALSE,FALSE
38940,99999,1930,2,22,39.20000076,4,33.79999924,4,1025.699951,4,,,1.899999976,4,3.5,4,5.099999905,,37.90000153,TRUE,,,0,,FALSE,FALSE,FALSE,FALSE,FALSE,FALSE
38560,99999,1930,9,1,61,4,56.5,4,1025.699951,4,,,9.300000191,4,11,4,13,,55,FALSE,,,0,,FALSE,FALSE,FALSE,FALSE,FALSE,FALSE
33110,99999,1930,11,18,42.5,4,38.5,4,1015.700012,4,,,3.400000095,4,16,4,23.89999962,,39.90000153,FALSE,,,,,FALSE,FALSE,FALSE,FALSE,FALSE,FALSE
31590,99999,1930,11,10,45.70000076,4,40,4,1019.099976,4,,,10.89999962,4,19.5,4,23.89999962,,45,FALSE,,,0,,FALSE,FALSE,FALSE,FALSE,FALSE,FALSE
33960,99999,1930,7,30,58,4,54.29999924,4,1007.700012,4,,,4,4,17,4,23.89999962,,55.90000153,FALSE,,,0,,FALSE,FALSE,FALSE,FALSE,FALSE,FALSE
38940,99999,1930,8,11,61.29999924,4,59.29999924,4,1015.200012,4,,,2.599999905,4,10,4,13,,60.09999847,TRUE,,,,,FALSE,FALSE,FALSE,FALSE,FALSE,FALSE
39530,99999,1930,7,14,56.59999847,5,48,4,1012.599976,5,,,12.39999962,5,16,5,18.10000038,,55,FALSE,,,0.01999999955,,FALSE,FALSE,FALSE,FALSE,FALSE,FALSE
39530,99999,1930,8,15,58.20000076,5,55.5,4,1017.5,5,,,8.5,5,13,5,13,,55.90000153,FALSE,,,0.03999999911,,FALSE,FALSE,FALSE,FALSE,FALSE,FALSE
39800,99999,1930,2,21,39.79999924,5,36,4,1028.400024,5,,,4.699999809,5,2.599999905,5,5.099999905,,35.09999847,FALSE,,,0,,FALSE,FALSE,FALSE,FALSE,FALSE,FALSE
32620,99999,1930,12,12,40.20000076,5,39,4,997,5,,,3.5,5,2.599999905,5,5.099999905,,34,FALSE,,,0.4699999988,,TRUE,TRUE,TRUE,TRUE,TRUE,TRUE
39800,99999,1930,9,11,52.20000076,5,,,1014.299988,5,,,0.6000000238,5,3.200000048,5,5.099999905,,46,FALSE,,,0.01999999955,,TRUE,TRUE,TRUE,TRUE,TRUE,TRUE
39530,99999,1930,8,8,56.40000153,5,55,4,1017.599976,5,,,8,5,10.80000019,5,18.10000038,,52,FALSE,,,0.01999999955,,FALSE,FALSE,FALSE,FALSE,FALSE,FALSE
32620,99999,1930,10,24,44.20000076,5,39.79999924,4,996.0999756,5,,,5.199999809,5,8.399999619,5,18.10000038,,39.90000153,FALSE,,,0,,FALSE,FALSE,FALSE,FALSE,FALSE,FALSE
34970,99999,1930,10,18,56.79999924,5,53.09999847,4,1009.900024,5,,,3.200000048,5,9.800000191,5,13,,55,FALSE,,,0.1199999973,,FALSE,FALSE,FALSE,FALSE,FALSE,FALSE
39530,99999,1930,12,23,47.79999924,5,46.79999924,4,1020.700012,5,,,7.199999809,5,12.39999962,5,18.10000038,,46.90000153,FALSE,,,0.07999999821,,FALSE,FALSE,FALSE,FALSE,FALSE,FALSE
38040,99999,1930,1,8,44.20000076,5,39.20000076,4,1010.200012,5,,,16.20000076,5,15.60000038,5,23.89999962,,42.09999847,TRUE,,,0.1199999973,,FALSE,FALSE,FALSE,FALSE,FALSE,FALSE
34970,99999,1930,2,12,41.59999847,5,38.29999924,4,1031.599976,5,,,6.199999809,5,10.60000038,5,13,,39,FALSE,,,0,,FALSE,FALSE,FALSE,FALSE,FALSE,FALSE
33110,99999,1931,12,6,45.5,4,39.20000076,4,1005.099976,4,,,10.89999962,4,22.20000076,4,36.90000153,,44.09999847,FALSE,,,,,FALSE,FALSE,FALSE,FALSE,FALSE,FALSE
30050,99999,1931,5,8,46.29999924,4,,,1021.599976,4,,,14,4,8.899999619,4,8.899999619,,44.09999847,FALSE,,,0,,FALSE,FALSE,FALSE,FALSE,FALSE,FALSE
37770,99999,1931,10,1,56,4,51.5,4,1013,4,,,1.700000048,4,8,4,8.899999619,,50,FALSE,,,0,,FALSE,FALSE,FALSE,FALSE,FALSE,FALSE
33790,99999,1931,9,3,54,4,53,4,999.4000244,4,,,1.600000024,4,3.5,4,5.099999905,,51.09999847,FALSE,,,,,FALSE,FALSE,FALSE,FALSE,FALSE,FALSE
37950,99999,1931,6,25,52.70000076,4,42.79999924,4,1026.099976,4,,,17.10000038,4,14.30000019,4,18.10000038,,42.09999847,FALSE,,,0,,FALSE,FALSE,FALSE,FALSE,FALSE,FALSE
38640,99999,1931,10,21,42.20000076,4,32.70000076,4,1023.299988,4,,,4,4,5.199999809,4,8.899999619,,30.89999962,FALSE,,,0,,FALSE,FALSE,FALSE,FALSE,FALSE,FALSE
37950,99999,1931,10,16,53.79999924,4,50.5,4,1032.199951,4,,,8.399999619,4,10,4,13,,45,FALSE,,,0,,FALSE,FALSE,FALSE,FALSE,FALSE,FALSE
36010,99999,1931,1,15,47.70000076,4,46,4,1019.700012,4,,,9.300000191,4,10,4,13,,42.09999847,FALSE,,,,,FALSE,FALSE,FALSE,FALSE,FALSE,FALSE
267020,99999,1931,1,15,31.70000076,4,30.29999924,4,1007.200012,4,,,1.899999976,4,11.19999981,4,18.10000038,,27,TRUE,,,0.05999999866,,FALSE,FALSE,FALSE,FALSE,FALSE,FALSE
39800,99999,1931,8,22,52.5,4,43.70000076,4,1012.700012,4,,,21.70000076,4,12,4,13,,51.09999847,FALSE,,,0,,FALSE,FALSE,FALSE,FALSE,FALSE,FALSE
37770,99999,1931,3,9,26.5,4,23,4,1006.5,4,,,0.6999999881,4,5.5,4,13,,23,FALSE,,,,,FALSE,FALSE,FALSE,FALSE,FALSE,FALSE
38040,99999,1931,5,14,53,4,51.29999924,4,1012.799988,4,,,3.400000095,4,19.5,4,23.89999962,,50,FALSE,,,,,FALSE,FALSE,FALSE,FALSE,FALSE,FALSE
38110,99999,1931,2,18,38.79999924,4,29.29999924,4,1012.099976,4,,,10.89999962,4,24.20000076,4,29.89999962,,34,FALSE,,,0,,FALSE,FALSE,FALSE,FALSE,FALSE,FALSE
38110,99999,1931,4,15,49,4,45.5,4,1026.099976,4,,,9.300000191,4,11.60000038,4,18.10000038,,46.90000153,FALSE,,,,,FALSE,FALSE,FALSE,FALSE,FALSE,FALSE
33790,99999,1931,9,21,48.70000076,4,43.5,4,1031.699951,4,,,4.300000191,4,11,4,13,,43,FALSE,,,,,FALSE,FALSE,FALSE,FALSE,FALSE,FALSE
38640,99999,1931,11,14,50.29999924,4,43.29999924,4,1008.5,4,,,9.899999619,4,13.5,4,18.10000038,,46.90000153,FALSE,,,,,FALSE,FALSE,FALSE,FALSE,FALSE,FALSE
33790,99999,1931,4,15,47.29999924,4,43,4,1020.099976,4,,,3.400000095,4,7,4,8.899999619,,44.09999847,FALSE,,,,,FALSE,FALSE,FALSE,FALSE,FALSE,FALSE
30750,99999,1931,2,17,38.40000153,4,36,4,1007.400024,4,,,12.39999962,4,11.19999981,4,18.10000038,,34,FALSE,,,,,FALSE,FALSE,FALSE,FALSE,FALSE,FALSE
33960,99999,1931,8,26,55.79999924,4,49.79999924,4,1026.599976,4,,,4,4,7,4,8.899999619,,50,FALSE,,,0,,FALSE,FALSE,FALSE,FALSE,FALSE,FALSE
122050,99999,1931,5,24,76.5,4,59,4,1020.5,4,,,31.10000038,4,2.200000048,4,5.099999905,,73,TRUE,,,0,,FALSE,FALSE,FALSE,FALSE,FALSE,FALSE
38560,99999,1931,9,10,54.5,4,48.5,4,1018.299988,4,,,5.300000191,4,9,4,13,,50,FALSE,,,0,,FALSE,FALSE,FALSE,FALSE,FALSE,FALSE
31590,99999,1931,10,19,49.29999924,4,47.5,4,1024.800049,4,,,2.599999905,4,7.199999809,4,13,,45,FALSE,,,0,,FALSE,FALSE,FALSE,FALSE,FALSE,FALSE
104100,99999,1931,9,12,47.5,4,44.79999924,4,1017.5,4,,,1.399999976,4,4.5,4,8.899999619,,39,FALSE,,,0.01999999955,,FALSE,FALSE,FALSE,FALSE,FALSE,FALSE
39730,99999,1931,1,5,40.70000076,4,38.29999924,4,1019,4,,,12.39999962,4,1,4,1.899999976,,36,FALSE,,,0,,FALSE,FALSE,FALSE,FALSE,FALSE,FALSE
38640,99999,1931,6,22,63.5,4,57,4,1021.200012,4,,,6.800000191,4,8,4,8.899999619,,54,FALSE,,,0,,FALSE,FALSE,FALSE,FALSE,FALSE,FALSE
33790,99999,1931,8,13,57.5,4,54.70000076,4,1014.599976,4,,,5.300000191,4,5.199999809,4,8.899999619,,55,FALSE,,,,,FALSE,FALSE,FALSE,FALSE,FALSE,FALSE
39530,99999,1931,11,10,52,4,48.70000076,4,965.5,4,,,10.89999962,4,18.29999924,4,23.89999962,,48.90000153,FALSE,,,,,FALSE,FALSE,FALSE,FALSE,FALSE,FALSE
267020,99999,1931,2,21,34.70000076,4,31.60000038,4,1014.900024,4,,,5.300000191,4,16.79999924,4,18.10000038,,32,FALSE,,,0,,FALSE,FALSE,FALSE,FALSE,FALSE,FALSE
30750,99999,1931,12,6,37,4,36,4,995.0999756,4,,,12.39999962,4,8,4,8.899999619,,35.09999847,FALSE,,,,,FALSE,FALSE,FALSE,FALSE,FALSE,FALSE
122050,99999,1931,5,7,68,4,53.5,4,1010,4,,,15.5,4,4.5,4,8.899999619,,54,FALSE,,,0.03999999911,,FALSE,FALSE,FALSE,FALSE,FALSE,FALSE
33110,99999,1931,9,30,55.20000076,4,51,4,1007.200012,4,,,5.900000095,4,15.80000019,4,18.10000038,,54,FALSE,,,,,FALSE,FALSE,FALSE,FALSE,FALSE,FALSE
33960,99999,1931,2,12,39,4,35,4,989.4000244,4,,,6.199999809,4,30.20000076,4,36.90000153,,35.09999847,FALSE,,,0,,FALSE,FALSE,FALSE,FALSE,FALSE,FALSE
39800,99999,1931,6,2,49,4,48,4,1012.700012,4,,,3.700000048,4,14.30000019,4,18.10000038,,48,TRUE,,,,,FALSE,FALSE,FALSE,FALSE,FALSE,FALSE
30750,99999,1931,8,23,47.90000153,4,44,4,1010,4,,,12.39999962,4,11,4,13,,42.09999847,FALSE,,,,,FALSE,FALSE,FALSE,FALSE,FALSE,FALSE
33110,99999,1931,6,13,57,4,55,4,1018.5,4,,,8.399999619,4,5.699999809,4,8.899999619,,51.09999847,FALSE,,,0,,FALSE,FALSE,FALSE,FALSE,FALSE,FALSE
37950,99999,1931,5,12,53.79999924,4,50.90000153,4,1021.5,4,,,4,4,6.199999809,4,8.899999619,,48,FALSE,,,0,,TRUE,TRUE,TRUE,TRUE,TRUE,TRUE
39530,99999,1931,3,11,42.5,4,34,4,1017.5,4,,,17.10000038,4,10,4,13,,37,FALSE,,,0,,FALSE,FALSE,FALSE,FALSE,FALSE,FALSE
34970,99999,1931,5,9,48.5,4,43.20000076,4,1021.700012,4,,,4.300000191,4,12,4,13,,45,FALSE,,,,,FALSE,FALSE,FALSE,FALSE,FALSE,FALSE
31590,99999,1931,3,17,40,4,32.70000076,4,1015.400024,4,,,7.5,4,8,4,8.899999619,,33.09999847,FALSE,,,0,,FALSE,FALSE,FALSE,FALSE,FALSE,FALSE
38640,99999,1931,1,20,47.79999924,4,46,4,1017.299988,4,,,5,4,8,4,8.899999619,,44.09999847,FALSE,,,,,FALSE,FALSE,FALSE,FALSE,FALSE,FALSE
36010,99999,1931,6,18,54.5,4,52.70000076,4,1010.5,4,,,6.800000191,4,14.30000019,4,18.10000038,,53.09999847,FALSE,,,,,FALSE,FALSE,FALSE,FALSE,FALSE,FALSE
36010,99999,1931,12,15,51.09999847,4,46.5,4,1024.5,4,,,7.800000191,4,6,4,8.899999619,,46.90000153,FALSE,,,0,,FALSE,FALSE,FALSE,FALSE,FALSE,FALSE
31590,99999,1931,10,29,41,4,39.20000076,4,1016,4,,,8.100000381,4,4.300000191,4,5.099999905,,39,FALSE,,,,,FALSE,FALSE,FALSE,FALSE,FALSE,FALSE
33960,99999,1931,12,17,41,4,37,4,1035.5,4,,,7.800000191,4,7.199999809,4,13,,39,FALSE,,,0,,FALSE,FALSE,FALSE,FALSE,FALSE,FALSE
33790,99999,1931,8,30,57.20000076,4,51.79999924,4,1020,4,,,8.399999619,4,10,4,13,,46.90000153,FALSE,,,0,,FALSE,FALSE,FALSE,FALSE,FALSE,FALSE
121160,99999,1931,3,1,31.5,4,29,4,979.0999756,4,,,2.799999952,4,30.39999962,4,43.90000153,,30,TRUE,,,0.3899999857,,FALSE,FALSE,FALSE,FALSE,FALSE,FALSE
36010,99999,1931,2,6,45.79999924,4,44.70000076,4,1008.099976,4,,,2.200000048,4,9.199999809,4,13,,45,FALSE,,,,,FALSE,FALSE,FALSE,FALSE,FALSE,FALSE
33790,99999,1931,1,24,41,4,35.5,4,988.5,4,,,7.800000191,4,19.70000076,4,23.89999962,,37.90000153,FALSE,,,,,FALSE,FALSE,FALSE,FALSE,FALSE,FALSE
36010,99999,1931,1,12,42.79999924,4,40.20000076,4,1007.799988,4,,,10.89999962,4,8,4,8.899999619,,39.90000153,TRUE,,,,,FALSE,FALSE,FALSE,FALSE,FALSE,FALSE
38940,99999,1931,10,31,51.59999847,5,46,4,1028.900024,5,,,6.199999809,5,5.099999905,5,5.099999905,,48,FALSE,,,0,,FALSE,FALSE,FALSE,FALSE,FALSE,FALSE
39730,99999,1931,3,9,36.20000076,5,32.20000076,4,1013.799988,5,,,12.39999962,5,18.60000038,5,23.89999962,,33.09999847,FALSE,,,,,FALSE,FALSE,FALSE,FALSE,FALSE,FALSE
122050,99999,1931,10,1,50,5,45,5,1019.900024,5,,,23.60000038,5,5.400000095,5,8.899999619,,37,FALSE,,,0,,FALSE,FALSE,FALSE,FALSE,FALSE,FALSE
122050,99999,1931,4,16,42,5,31,5,1017.200012,5,,,11.19999981,5,1.899999976,5,1.899999976,,30,FALSE,,,0,,FALSE,FALSE,FALSE,FALSE,FALSE,FALSE
38040,99999,1931,12,19,45.59999847,5,39.70000076,4,1038.199951,5,,,8.699999809,5,12.19999981,5,13,,43,FALSE,,,0,,FALSE,FALSE,FALSE,FALSE,FALSE,FALSE
32620,99999,1931,8,2,57.79999924,5,54.5,4,1020,5,,,6.699999809,5,4.800000191,5,8.899999619,,57,FALSE,,,0,,FALSE,FALSE,FALSE,FALSE,FALSE,FALSE
39800,99999,1931,10,29,48.59999847,5,47.79999924,4,1016,5,,,5.5,5,8.800000191,5,18.10000038,,45,FALSE,,,0.07999999821,,FALSE,FALSE,FALSE,FALSE,FALSE,FALSE
122050,99999,1931,10,29,36.40000153,5,34.79999924,5,1005.799988,5,,,1.600000024,5,7.599999905,5,13,,30,FALSE,,,0.1000000015,,FALSE,FALSE,FALSE,FALSE,FALSE,FALSE
39800,99999,1931,2,22,39.79999924,5,39,4,1010.5,5,,,8.699999809,5,9.800000191,5,13,,33.09999847,FALSE,,,0.2399999946,,FALSE,FALSE,FALSE,FALSE,FALSE,FALSE
39530,99999,1931,6,1,54.59999847,5,52.20000076,4,1010.599976,5,,,9.899999619,5,7.400000095,5,8.899999619,,51.09999847,FALSE,,,0.2399999946,,FALSE,FALSE,FALSE,FALSE,FALSE,FALSE
30260,99999,1931,7,7,54.59999847,5,53.5,4,1007.599976,5,,,4,5,2.599999905,5,8.899999619,,53.09999847,FALSE,,,0.2800000012,,FALSE,FALSE,FALSE,FALSE,FALSE,FALSE
39730,99999,1931,3,18,46.79999924,5,43.20000076,4,1001.299988,5,,,6.199999809,5,19.5,5,23.89999962,,42.09999847,FALSE,,,0,,FALSE,FALSE,FALSE,FALSE,FALSE,FALSE
103840,99999,1931,12,16,33.40000153,5,27.39999962,5,1017.700012,5,,,9.899999619,5,12.19999981,5,18.10000038,,30,FALSE,,,0.01999999955,,FALSE,FALSE,FALSE,FALSE,FALSE,FALSE
39800,99999,1931,11,30,43.59999847,5,41.29999924,4,1025.199951,5,,,8.699999809,5,4.400000095,5,5.099999905,,39,FALSE,,,0,,FALSE,FALSE,FALSE,FALSE,FALSE,FALSE
104100,99999,1931,8,31,65,5,60.40000153,5,1012.099976,5,,,2,5,5.099999905,5,5.099999905,,57,FALSE,,,0,,FALSE,FALSE,FALSE,FALSE,FALSE,FALSE
122050,99999,1931,1,3,34.40000153,5,33.40000153,5,1001.799988,5,,,1.200000048,5,3.200000048,5,8.899999619,,30,TRUE,,,0,,FALSE,FALSE,FALSE,FALSE,FALSE,FALSE
38940,99999,1931,10,14,55.79999924,5,50,4,1032,5,,,4.699999809,5,18.20000076,5,23.89999962,,54,FALSE,,,0.01999999955,,FALSE,FALSE,FALSE,FALSE,FALSE,FALSE
32620,99999,1931,7,13,57.20000076,5,53.70000076,4,1002.400024,5,,,4,5,2.599999905,5,5.099999905,,52,FALSE,,,0.1199999973,,FALSE,FALSE,FALSE,FALSE,FALSE,FALSE
32620,99999,1931,7,23,62,5,50.70000076,4,1009.299988,5,,,4.699999809,5,12.69999981,5,23.89999962,,57.90000153,FALSE,,,0,,FALSE,FALSE,FALSE,FALSE,FALSE,FALSE
32620,99999,1931,10,21,39.40000153,5,33.70000076,4,1023.900024,5,,,5.199999809,5,7.400000095,5,13,,35.09999847,FALSE,,,0,,FALSE,FALSE,FALSE,FALSE,FALSE,FALSE
32620,99999,1931,7,18,55.59999847,5,54.79999924,4,1002,5,,,4,5,4.400000095,5,5.099999905,,54,FALSE,,,0.2800000012,,FALSE,FALSE,FALSE,FALSE,FALSE,FALSE
30050,99999,1931,11,19,45.09999847,6,42,4,1009.400024,6,,,6.599999905,6,19.20000076,6,23.89999962,,44.09999847,FALSE,,,0.9800000191,,FALSE,FALSE,FALSE,FALSE,FALSE,FALSE
30050,99999,1931,6,16,50.79999924,6,,,1003.400024,5,,,5,6,3.5,6,5.099999905,,46.90000153,FALSE,,,0.03999999911,,FALSE,FALSE,FALSE,FALSE,FALSE,FALSE
38940,99999,1931,9,25,56.20000076,6,50.20000076,4,1034.900024,6,,,4.699999809,5,9,6,13,,55,FALSE,,,0,,FALSE,FALSE,FALSE,FALSE,FALSE,FALSE
30050,99999,1931,7,30,54.20000076,6,,,1000.700012,4,,,9.399999619,6,1.899999976,6,1.899999976,,52,FALSE,,,0.1599999964,,FALSE,FALSE,FALSE,FALSE,FALSE,FALSE
30050,99999,1931,5,23,48.5,6,46.5,4,1014.099976,6,,,5,6,6.099999905,6,13,,44.09999847,FALSE,,,0.01999999955,,FALSE,FALSE,FALSE,FALSE,FALSE,FALSE
267020,99999,1931,6,13,57,6,52,6,1012.299988,6,,,6,6,8.300000191,6,8.899999619,,54,FALSE,,,0,,FALSE,FALSE,FALSE,FALSE,FALSE,FALSE
121160,99999,1931,5,6,60,6,48.29999924,6,1022.5,6,,,6.199999809,6,6.300000191,6,13,,45,FALSE,,,0.009999999776,,FALSE,FALSE,FALSE,FALSE,FALSE,FALSE
30050,99999,1931,10,13,47.29999924,6,,,1010.200012,6,,,8.300000191,6,20.10000038,6,36.90000153,,43,TRUE,,,0.200000003,,FALSE,FALSE,FALSE,FALSE,FALSE,FALSE
105130,99999,1931,4,3,49,7,38.70000076,7,1005,7,,,10.69999981,7,9.100000381,7,13,,37,FALSE,,,0,,FALSE,FALSE,FALSE,FALSE,FALSE,FALSE
103840,99999,1931,7,12,68.40000153,7,55.40000153,7,1014.900024,7,,,14.19999981,7,3.299999952,7,5.099999905,,61,FALSE,,,0,,FALSE,FALSE,FALSE,FALSE,FALSE,FALSE
267020,99999,1931,9,17,55.59999847,7,53.70000076,7,1017.900024,7,,,4.599999905,7,6.900000095,7,13,,54,TRUE,,,0.01999999955,,FALSE,FALSE,FALSE,FALSE,FALSE,FALSE
103840,99999,1931,9,30,50.29999924,8,41.29999924,8,1021.099976,8,,,13.39999962,8,1.600000024,8,5.099999905,,45,FALSE,,,0,,FALSE,FALSE,FALSE,FALSE,FALSE,FALSE
726810,24131,1931,1,16,35.29999924,24,29.79999924,7,,,,,39.20000076,24,4.5,24,13,,30.39999962,TRUE,,,,,TRUE,TRUE,TRUE,TRUE,TRUE,TRUE
726810,24131,1931,3,14,46.29999924,24,28.5,7,,,,,91.80000305,24,3.900000095,24,11.10000038,,32.40000153,TRUE,,,0,,FALSE,FALSE,FALSE,FALSE,FALSE,FALSE
726810,24131,1931,9,7,65.19999695,24,39.70000076,8,,,,,19.20000076,24,4.5,24,11.10000038,,49.29999924,TRUE,,,0,,FALSE,FALSE,FALSE,FALSE,FALSE,FALSE
990061,99999,1931,10,30,69.69999695,24,54.5,24,,,1019.099976,24,0,24,,,,,66.40000153,TRUE,,,0,,FALSE,FALSE,FALSE,FALSE,FALSE,FALSE
990061,99999,1931,2,15,60.90000153,24,58.79999924,24,,,1014.400024,24,0,24,,,,,60.29999924,TRUE,,,0,,FALSE,FALSE,FALSE,FALSE,FALSE,FALSE
990061,99999,1931,5,28,78.90000153,24,,,,,1006.099976,24,0,24,,,,,77.40000153,TRUE,,,0,,FALSE,FALSE,FALSE,FALSE,FALSE,FALSE
726810,24131,1931,5,26,65.5,24,38.20000076,8,,,,,99.40000153,24,6.099999905,24,15,,54.29999924,TRUE,,,,,FALSE,FALSE,FALSE,FALSE,FALSE,FALSE
39800,99999,1932,4,21,45.5,4,43.79999924,4,1001,4,,,10.89999962,4,8,4,8.899999619,,39.90000153,FALSE,,,,,FALSE,FALSE,FALSE,FALSE,FALSE,FALSE
39530,99999,1932,6,18,64,4,57.5,4,1020.700012,4,,,12.39999962,4,2.200000048,4,8.899999619,,55,FALSE,,,0,,FALSE,FALSE,FALSE,FALSE,FALSE,FALSE
38040,99999,1932,5,17,52.20000076,4,50.5,4,1018.200012,4,,,7.800000191,4,11.30000019,4,18.10000038,,48,FALSE,,,,,FALSE,FALSE,FALSE,FALSE,FALSE,FALSE
37770,99999,1932,7,1,65,4,56.29999924,4,1000.200012,4,,,9.899999619,4,16.79999924,4,18.10000038,,62.09999847,FALSE,,,,,FALSE,FALSE,FALSE,FALSE,FALSE,FALSE
36010,99999,1932,4,3,43.20000076,4,39.70000076,4,988.2999878,4,,,12.39999962,4,6.199999809,4,8.899999619,,36,FALSE,,,0,,FALSE,FALSE,FALSE,FALSE,FALSE,FALSE
32620,99999,1932,6,2,47.20000076,4,46.29999924,4,1016.200012,4,,,2.299999952,4,7,4,8.899999619,,46,FALSE,,,0,,TRUE,TRUE,TRUE,TRUE,TRUE,TRUE
39530,99999,1932,8,23,63,4,58,4,1023.200012,4,,,9.300000191,4,11,4,13,,61,FALSE,,,0,,FALSE,FALSE,FALSE,FALSE,FALSE,FALSE
36010,99999,1932,5,22,52,4,51,4,1010,4,,,6.5,4,6.199999809,4,8.899999619,,46.90000153,FALSE,,,0,,FALSE,FALSE,FALSE,FALSE,FALSE,FALSE
33790,99999,1932,1,28,29.79999924,4,28.70000076,4,1040.699951,4,,,1.600000024,4,5.199999809,4,8.899999619,,28.89999962,FALSE,,,0,,FALSE,FALSE,FALSE,FALSE,FALSE,FALSE
38110,99999,1932,2,22,44.5,4,41.29999924,4,1036.900024,4,,,6.199999809,4,7,4,8.899999619,,37,FALSE,,,0,,FALSE,FALSE,FALSE,FALSE,FALSE,FALSE
38140,99999,1932,7,17,59.20000076,4,55.5,4,1011.5,4,,,7.800000191,4,7,4,13,,57,FALSE,,,,,FALSE,FALSE,FALSE,FALSE,FALSE,FALSE
37950,99999,1932,1,19,49,4,48,4,1033.800049,4,,,0.3000000119,4,6.199999809,4,8.899999619,,48,FALSE,,,,,TRUE,TRUE,TRUE,TRUE,TRUE,TRUE
37950,99999,1932,9,29,56.5,4,52,4,1018.5,4,,,5.300000191,4,12,4,13,,52,FALSE,,,0,,FALSE,FALSE,FALSE,FALSE,FALSE,FALSE
33790,99999,1932,10,1,49,4,48,4,1007.299988,4,,,2.900000095,4,10.19999981,4,18.10000038,,45,TRUE,,,,,FALSE,FALSE,FALSE,FALSE,FALSE,FALSE
106090,99999,1932,7,20,64.30000305,4,,,1017.400024,4,,,5.300000191,4,4.5,4,8.899999619,,50,FALSE,,,0,,FALSE,FALSE,FALSE,FALSE,FALSE,FALSE
38040,99999,1932,6,25,61.70000076,4,56.29999924,4,1022,4,,,9.300000191,4,8,4,8.899999619,,55.90000153,FALSE,,,0,,FALSE,FALSE,FALSE,FALSE,FALSE,FALSE
38640,99999,1932,7,19,59,4,51.5,4,1022.5,4,,,5,4,8,4,8.899999619,,46,FALSE,,,0,,FALSE,FALSE,FALSE,FALSE,FALSE,FALSE
36010,99999,1932,3,23,46.5,4,44.70000076,4,1020.799988,4,,,6.800000191,4,5.199999809,4,8.899999619,,44.09999847,FALSE,,,0,,FALSE,FALSE,FALSE,FALSE,FALSE,FALSE
33960,99999,1932,2,2,43.20000076,4,41.5,4,1037.5,4,,,4,4,9,4,13,,42.09999847,FALSE,,,0,,FALSE,FALSE,FALSE,FALSE,FALSE,FALSE
37770,99999,1932,8,2,60.5,4,56,4,1016.400024,4,,,2.200000048,4,4.5,4,8.899999619,,55.90000153,FALSE,,,0,,FALSE,FALSE,FALSE,FALSE,FALSE,FALSE
33790,99999,1932,11,29,46,4,44.20000076,4,1024.699951,4,,,2.5,4,12.19999981,4,18.10000038,,37.90000153,FALSE,,,0,,FALSE,FALSE,FALSE,FALSE,FALSE,FALSE
38140,99999,1932,9,28,50.79999924,4,42,4,1027.199951,4,,,12.39999962,4,8.899999619,4,8.899999619,,43,FALSE,,,0,,FALSE,FALSE,FALSE,FALSE,FALSE,FALSE
33960,99999,1932,3,6,39.5,4,35.59999847,4,1001,4,,,4.300000191,4,14.69999981,4,23.89999962,,35.09999847,FALSE,,,0,,FALSE,FALSE,FALSE,FALSE,FALSE,FALSE
39530,99999,1932,3,11,38.29999924,4,27.20000076,4,1019.700012,4,,,31.10000038,4,8,4,13,,33.09999847,FALSE,,,0,,FALSE,FALSE,FALSE,FALSE,FALSE,FALSE
38040,99999,1932,6,6,54.20000076,4,48.20000076,4,1024,4,,,9.300000191,4,8,4,8.899999619,,48,FALSE,,,0,,FALSE,FALSE,FALSE,FALSE,FALSE,FALSE
121160,99999,1932,2,2,34.5,4,27,4,1019.200012,4,,,9.899999619,4,4.300000191,4,5.099999905,,32,FALSE,,,0,,FALSE,FALSE,FALSE,FALSE,FALSE,FALSE
37770,99999,1932,7,21,61.70000076,4,51.20000076,4,1014.400024,4,,,8.399999619,4,5.199999809,4,8.899999619,,53.09999847,FALSE,,,,,FALSE,FALSE,FALSE,FALSE,FALSE,FALSE
106090,99999,1932,8,18,80.69999695,4,,,1025.400024,4,,,3.400000095,4,1.5,4,1.899999976,,63,FALSE,,,0,,TRUE,TRUE,TRUE,TRUE,TRUE,TRUE
39800,99999,1932,3,18,44.5,4,41.20000076,4,1024.900024,4,,,6.800000191,4,4.5,4,8.899999619,,39.90000153,FALSE,,,0,,FALSE,FALSE,FALSE,FALSE,FALSE,FALSE
33790,99999,1932,1,18,51.20000076,4,48,4,1026.599976,4,,,5.300000191,4,14.69999981,4,23.89999962,,43,FALSE,,,0,,FALSE,FALSE,FALSE,FALSE,FALSE,FALSE
30750,99999,1932,4,11,38.5,4,33.79999924,4,994.2999878,4,,,12.39999962,4,25.39999962,4,29.89999962,,36,FALSE,,,,,FALSE,FALSE,FALSE,FALSE,FALSE,FALSE
33960,99999,1932,7,9,67,4,61.5,4,1021.599976,4,,,3.400000095,4,6.300000191,4,13,,57.90000153,FALSE,,,0,,FALSE,FALSE,FALSE,FALSE,FALSE,FALSE
30750,99999,1932,1,21,44.5,4,42.79999924,4,1016,4,,,12.39999962,4,11,4,13,,39,FALSE,,,0,,FALSE,FALSE,FALSE,FALSE,FALSE,FALSE
37950,99999,1932,8,9,60.5,4,58.5,4,1022.200012,4,,,3.900000095,4,6,4,8.899999619,,54,FALSE,,,0,,TRUE,TRUE,TRUE,TRUE,TRUE,TRUE
36010,99999,1932,3,15,45,4,44,4,1022.599976,4,,,2.5,4,9,4,13,,37.90000153,FALSE,,,0,,FALSE,FALSE,FALSE,FALSE,FALSE,FALSE
106090,99999,1932,12,13,32.5,4,,,1021.099976,4,,,1.100000024,4,3.5,4,5.099999905,,28,FALSE,,,0,,FALSE,FALSE,FALSE,FALSE,FALSE,FALSE
105010,99999,1932,11,3,51.5,4,48,4,1025,4,,,4,4,13.30000019,4,18.10000038,,50,FALSE,,,0.02999999933,,FALSE,FALSE,FALSE,FALSE,FALSE,FALSE
37770,99999,1932,5,23,54,4,48.5,4,1007.799988,4,,,7.800000191,4,8,4,8.899999619,,48.90000153,FALSE,,,,,FALSE,FALSE,FALSE,FALSE,FALSE,FALSE
34970,99999,1932,5,20,56.5,4,53.29999924,4,1014.700012,4,,,3.400000095,4,5.800000191,4,13,,53.09999847,FALSE,,,0,,FALSE,FALSE,FALSE,FALSE,FALSE,FALSE
33110,99999,1932,9,8,59.20000076,4,56.20000076,4,995.7999878,4,,,7.099999905,4,7.199999809,4,13,,57,FALSE,,,,,FALSE,FALSE,FALSE,FALSE,FALSE,FALSE
104100,99999,1932,1,18,46.29999924,4,45.20000076,4,1035.599976,4,,,4.300000191,4,6,4,8.899999619,,41,FALSE,,,0.01999999955,,FALSE,FALSE,FALSE,FALSE,FALSE,FALSE
38140,99999,1932,8,4,58.5,4,57.5,4,1019.200012,4,,,3.5,4,7,4,8.899999619,,55.90000153,FALSE,,,0,,FALSE,FALSE,FALSE,FALSE,FALSE,FALSE
38560,99999,1932,1,29,43.5,4,40.29999924,4,1037.599976,4,,,4.300000191,4,6,4,8.899999619,,37.90000153,FALSE,,,0,,FALSE,FALSE,FALSE,FALSE,FALSE,FALSE
33110,99999,1932,9,9,58.70000076,4,54.29999924,4,1005.799988,4,,,9.899999619,4,9,4,13,,55,FALSE,,,0,,FALSE,FALSE,FALSE,FALSE,FALSE,FALSE
38640,99999,1932,3,15,44,4,36.5,4,1023.200012,4,,,5.300000191,4,11,4,13,,37,FALSE,,,0,,FALSE,FALSE,FALSE,FALSE,FALSE,FALSE
38140,99999,1932,7,20,60.20000076,4,56.5,4,1020.5,4,,,12.39999962,4,8,4,13,,54,FALSE,,,0,,FALSE,FALSE,FALSE,FALSE,FALSE,FALSE
38140,99999,1932,9,26,51,4,44,4,1007.200012,4,,,12.39999962,4,7,4,8.899999619,,46,FALSE,,,0,,FALSE,FALSE,FALSE,FALSE,FALSE,FALSE
33790,99999,1932,5,7,40.70000076,4,32,4,1005,4,,,2.5,4,3.799999952,4,5.099999905,,30.89999962,FALSE,,,0,,FALSE,FALSE,FALSE,FALSE,FALSE,FALSE
31590,99999,1932,1,12,40.5,4,37.20000076,4,1001.799988,4,,,5.300000191,4,4.5,4,8.899999619,,37.90000153,FALSE,,,,,FALSE,FALSE,FALSE,FALSE,FALSE,FALSE
105010,99999,1932,6,30,73.80000305,4,51.29999924,4,1014.599976,4,,,5.900000095,4,4.5,4,8.899999619,,55,FALSE,,,0,,FALSE,FALSE,FALSE,FALSE,FALSE,FALSE
39730,99999,1932,3,21,49.79999924,4,,,1020.900024,4,,,2.400000095,4,7.699999809,4,13,,48,TRUE,,,0.03999999911,,FALSE,FALSE,FALSE,FALSE,FALSE,FALSE
33790,99999,1932,9,8,57.5,4,54.70000076,4,999.7999878,4,,,4.300000191,4,12.19999981,4,18.10000038,,48.90000153,FALSE,,,,,FALSE,FALSE,FALSE,FALSE,FALSE,FALSE
38560,99999,1932,3,9,40.5,4,37.20000076,4,1012.700012,4,,,5.300000191,4,16.20000076,4,29.89999962,,37,FALSE,,,,,FALSE,FALSE,FALSE,FALSE,FALSE,FALSE
33960,99999,1932,5,29,50.5,4,48.70000076,4,1011.700012,4,,,3.400000095,4,7,4,8.899999619,,46.90000153,FALSE,,,,,FALSE,FALSE,FALSE,FALSE,FALSE,FALSE
106090,99999,1932,10,21,56.29999924,4,,,1010.200012,4,,,6.199999809,4,21.20000076,4,29.89999962,,48,FALSE,,,0.03999999911,,FALSE,FALSE,FALSE,FALSE,FALSE,FALSE
267020,99999,1932,12,29,31.5,4,27.79999924,4,1029.699951,4,,,3.400000095,4,8.899999619,4,8.899999619,,30,TRUE,,,0,,FALSE,FALSE,FALSE,FALSE,FALSE,FALSE
37950,99999,1932,4,7,47.5,4,33.29999924,4,998.7000122,4,,,21.70000076,4,23.89999962,4,29.89999962,,43,FALSE,,,,,FALSE,FALSE,FALSE,FALSE,FALSE,FALSE
33110,99999,1932,7,14,59.5,4,56.5,4,1009.200012,4,,,2.5,4,14.30000019,4,18.10000038,,57.90000153,FALSE,,,,,FALSE,FALSE,FALSE,FALSE,FALSE,FALSE
30750,99999,1932,8,26,55,4,51,4,1022.5,4,,,12.39999962,4,12,4,13,,52,FALSE,,,0,,FALSE,FALSE,FALSE,FALSE,FALSE,FALSE
38110,99999,1932,2,6,44,4,41.5,4,1028.5,4,,,2.5,4,8,4,13,,43,FALSE,,,0,,FALSE,FALSE,FALSE,FALSE,FALSE,FALSE
37770,99999,1932,8,9,66.30000305,4,58.5,4,1022,4,,,4.300000191,4,2.700000048,4,5.099999905,,57,FALSE,,,0,,FALSE,FALSE,FALSE,FALSE,FALSE,FALSE
31590,99999,1932,8,14,57,4,56,4,1017.700012,4,,,8.399999619,4,8.199999809,4,13,,55.90000153,FALSE,,,,,FALSE,FALSE,FALSE,FALSE,FALSE,FALSE
36010,99999,1932,12,9,37,4,31.5,4,1025.300049,4,,,9.300000191,4,11,4,13,,35.09999847,FALSE,,,0,,FALSE,FALSE,FALSE,FALSE,FALSE,FALSE
30260,99999,1932,10,4,42.79999924,5,39.20000076,4,1019.299988,5,,,22.39999962,5,3.599999905,5,8.899999619,,37.90000153,FALSE,,,0.01999999955,,FALSE,FALSE,FALSE,FALSE,FALSE,FALSE
122050,99999,1932,5,21,80.40000153,5,52.79999924,5,1011.400024,5,,,19.89999962,5,1.600000024,5,1.899999976,,55,FALSE,,,0,,FALSE,FALSE,FALSE,FALSE,FALSE,FALSE
34970,99999,1932,9,25,56,5,50.29999924,4,1000.200012,5,,,4.699999809,5,10.60000038,5,13,,48,FALSE,,,0,,FALSE,FALSE,FALSE,FALSE,FALSE,FALSE
122050,99999,1932,2,25,27.39999962,5,18,5,1025,5,,,23.60000038,5,1.799999952,5,5.099999905,,19,FALSE,,,0.01999999955,,FALSE,FALSE,FALSE,FALSE,FALSE,FALSE
122050,99999,1932,2,27,23.39999962,5,10.19999981,5,1031,5,,,23.60000038,5,9.800000191,5,13,,21,FALSE,,,0,,FALSE,FALSE,FALSE,FALSE,FALSE,FALSE
103840,99999,1932,12,30,28.39999962,5,24.20000076,5,1022,5,,,4.5,5,4.199999809,5,13,,27,FALSE,,,0,,FALSE,FALSE,FALSE,FALSE,FALSE,FALSE
38040,99999,1932,10,30,50.20000076,5,43.5,4,1004.099976,5,,,6.699999809,5,29.89999962,5,29.89999962,,48,TRUE,,,0.01999999955,,FALSE,FALSE,FALSE,FALSE,FALSE,FALSE
34970,99999,1932,1,19,49.20000076,5,47.90000153,4,1032.699951,5,,,1.700000048,5,4.400000095,5,5.099999905,,45,FALSE,,,0,,TRUE,TRUE,TRUE,TRUE,TRUE,TRUE
37770,99999,1932,3,16,41.79999924,5,32.5,4,1020.599976,5,,,1.799999952,5,9,5,13,,33.09999847,FALSE,,,0,,TRUE,TRUE,TRUE,TRUE,TRUE,TRUE
39730,99999,1932,12,3,44.79999924,5,39.20000076,4,996.2999878,5,,,7.5,5,27.70000076,5,36.90000153,,39.90000153,FALSE,,,0.07999999821,,FALSE,FALSE,FALSE,FALSE,FALSE,FALSE
39730,99999,1932,4,3,41.40000153,5,37.20000076,4,992.2000122,4,,,5.5,5,36.90000153,5,36.90000153,,36,FALSE,,,0.2399999946,,FALSE,FALSE,FALSE,FALSE,FALSE,FALSE
122050,99999,1932,10,24,52,5,45,5,997.4000244,5,,,18.60000038,5,17.60000038,5,23.89999962,,50,FALSE,,,0.1700000018,,FALSE,FALSE,FALSE,FALSE,FALSE,FALSE
103840,99999,1932,11,28,39.79999924,5,37,5,1017.200012,5,,,6.699999809,5,9.800000191,5,13,,34,FALSE,,,0,,FALSE,FALSE,FALSE,FALSE,FALSE,FALSE
38940,99999,1932,9,19,60,5,55.5,4,1008.900024,5,,,8,5,0.400000006,5,1.899999976,,55.90000153,FALSE,,,,,FALSE,FALSE,FALSE,FALSE,FALSE,FALSE
122050,99999,1932,7,6,80.59999847,5,63.20000076,5,1011.400024,5,,,23.60000038,5,1.899999976,5,1.899999976,,61,FALSE,,,0,,FALSE,FALSE,FALSE,FALSE,FALSE,FALSE
104100,99999,1932,10,29,42.20000076,5,41.20000076,5,1005.700012,5,,,2.400000095,5,1.899999976,5,1.899999976,,39,FALSE,,,0.1800000072,,FALSE,FALSE,FALSE,FALSE,FALSE,FALSE
34970,99999,1932,10,11,50,5,48.70000076,4,995.9000244,5,,,2.5,5,5.099999905,5,5.099999905,,46.90000153,FALSE,,,0.01999999955,,FALSE,FALSE,FALSE,FALSE,FALSE,FALSE
122050,99999,1932,8,28,66.80000305,5,58,5,1016.599976,5,,,12.39999962,5,4.699999809,5,8.899999619,,63,FALSE,,,0,,FALSE,FALSE,FALSE,FALSE,FALSE,FALSE
32620,99999,1932,11,7,45.59999847,5,39.79999924,4,1025.599976,5,,,4.699999809,5,3.200000048,5,5.099999905,,43,FALSE,,,,,FALSE,FALSE,FALSE,FALSE,FALSE,FALSE
39730,99999,1932,12,28,48.40000153,5,45.20000076,4,1010,5,,,13.69999981,5,19.5,5,23.89999962,,45,FALSE,,,0.01999999955,,FALSE,FALSE,FALSE,FALSE,FALSE,FALSE
122050,99999,1932,1,3,32.79999924,5,30.20000076,5,1006.400024,5,,,4.599999905,5,2.200000048,5,5.099999905,,32,FALSE,,,0.349999994,,FALSE,FALSE,FALSE,FALSE,FALSE,FALSE
39730,99999,1932,8,16,61,5,60,4,1022.099976,5,,,4.099999905,5,3.599999905,5,8.899999619,,57,FALSE,,,0.1199999973,,TRUE,TRUE,TRUE,TRUE,TRUE,TRUE
34970,99999,1932,12,27,38.20000076,5,37.5,4,1027.099976,5,,,1.799999952,5,6.599999905,5,8.899999619,,35.09999847,FALSE,,,0,,TRUE,TRUE,TRUE,TRUE,TRUE,TRUE
38940,99999,1932,4,18,43.90000153,6,37,4,1014.799988,6,,,6.199999809,6,14.19999981,6,18.10000038,,42.09999847,FALSE,,,0.03999999911,,FALSE,FALSE,FALSE,FALSE,FALSE,FALSE
30050,99999,1932,6,12,47,6,41,4,1016.5,6,,,11.39999962,6,5.300000191,6,8.899999619,,45,FALSE,,,,,FALSE,FALSE,FALSE,FALSE,FALSE,FALSE
267020,99999,1932,8,8,62.20000076,6,57.59999847,6,1005.099976,6,,,6.599999905,6,12.5,6,18.10000038,,59,TRUE,,,0.200000003,,FALSE,FALSE,FALSE,FALSE,FALSE,FALSE
103840,99999,1932,7,17,64,6,59.90000153,6,998.9000244,6,,,11.80000019,6,11,6,13,,61,FALSE,,,0.200000003,,FALSE,FALSE,FALSE,FALSE,FALSE,FALSE
104100,99999,1932,6,22,55,6,51.40000153,6,1017.700012,6,,,5.400000095,6,4,6,5.099999905,,48,FALSE,,,0.2199999988,,FALSE,FALSE,FALSE,FALSE,FALSE,FALSE
30050,99999,1932,10,23,43.20000076,6,40.20000076,4,1002.200012,6,,,12.39999962,6,2.299999952,6,5.099999905,,39,TRUE,,,0.1400000006,,FALSE,FALSE,FALSE,FALSE,FALSE,FALSE
103840,99999,1932,6,18,52.59999847,6,49.70000076,6,1011.900024,6,,,10.80000019,6,3.099999905,6,8.899999619,,48,FALSE,,,0.1599999964,,FALSE,FALSE,FALSE,FALSE,FALSE,FALSE
30050,99999,1932,8,9,55.90000153,6,,,1014.400024,6,,,10.80000019,6,3.700000048,6,5.099999905,,52,FALSE,,,0.2399999946,,FALSE,FALSE,FALSE,FALSE,FALSE,FALSE
260630,99999,1932,11,22,30.70000076,6,,,1010.799988,6,,,1.899999976,4,13.89999962,6,23.89999962,,25,FALSE,,,0,,FALSE,FALSE,FALSE,FALSE,FALSE,FALSE
103840,99999,1932,4,28,45.40000153,7,36.29999924,7,1016.299988,7,,,9.100000381,7,3.400000095,7,13,,32,FALSE,,,0,,TRUE,TRUE,TRUE,TRUE,TRUE,TRUE
267020,99999,1932,8,12,62.59999847,7,55,7,1019.799988,7,,,15.30000019,7,3.799999952,7,8.899999619,,54,FALSE,,,0,,FALSE,FALSE,FALSE,FALSE,FALSE,FALSE
105130,99999,1932,10,24,50,7,46.59999847,7,1003.700012,7,,,8.5,7,4.599999905,7,8.899999619,,48,TRUE,,,0.1400000006,,FALSE,FALSE,FALSE,FALSE,FALSE,FALSE
105130,99999,1932,4,29,58.20000076,7,54.29999924,7,1008,7,,,7.5,7,4.800000191,7,8.899999619,,48,FALSE,,,0.2800000012,,FALSE,FALSE,FALSE,FALSE,FALSE,FALSE
105130,99999,1932,5,13,63.5,8,55.59999847,8,1015.400024,8,,,8.5,8,3.599999905,8,8.899999619,,45,FALSE,,,0,,FALSE,FALSE,FALSE,FALSE,FALSE,FALSE
105130,99999,1932,6,14,67.30000305,8,59.29999924,8,1018.200012,8,,,5.599999905,8,5.599999905,8,13,,52,FALSE,,,0,,TRUE,TRUE,TRUE,TRUE,TRUE,TRUE
105130,99999,1932,6,24,53.79999924,8,47.79999924,8,1020.400024,8,,,14.30000019,8,5.099999905,8,8.899999619,,46,FALSE,,,0,,FALSE,FALSE,FALSE,FALSE,FALSE,FALSE
990061,99999,1932,7,22,78.40000153,24,,,,,1000.700012,24,0,24,,,,,76.30000305,TRUE,,,0,,FALSE,FALSE,FALSE,FALSE,FALSE,FALSE
287220,99999,1933,3,9,-6,4,,,,,,,2.5,4,15.80000019,4,18.10000038,,-8,FALSE,,,0,,FALSE,FALSE,FALSE,FALSE,FALSE,FALSE
351080,99999,1933,1,22,-22.20000076,4,,,,,,,0.6999999881,4,,,,,-26,FALSE,,,0,,FALSE,FALSE,FALSE,FALSE,FALSE,FALSE
375450,99999,1933,9,30,55.79999924,4,,,1016.799988,4,,,5.300000191,4,10,4,13,,48,TRUE,,,,,FALSE,FALSE,FALSE,FALSE,FALSE,FALSE
370310,99999,1933,1,11,23,4,,,,,,,,,17,4,23.89999962,,16,FALSE,,,0,,FALSE,FALSE,FALSE,FALSE,FALSE,FALSE
284400,99999,1933,9,23,44.5,4,,,1030.699951,4,,,4.099999905,4,4.300000191,4,5.099999905,,30,FALSE,,,0,,TRUE,TRUE,TRUE,TRUE,TRUE,TRUE
282250,99999,1933,6,17,55.5,4,,,,,,,9.300000191,4,13.19999981,4,36.90000153,,43,TRUE,,,0,,FALSE,FALSE,FALSE,FALSE,FALSE,FALSE
33790,99999,1933,3,25,43.5,4,32.5,4,1026.699951,4,,,3.400000095,4,7,4,8.899999619,,28.89999962,FALSE,,,0,,FALSE,FALSE,FALSE,FALSE,FALSE,FALSE
360030,99999,1933,8,30,65,4,,,,,,,6.199999809,4,2.200000048,4,5.099999905,,55,TRUE,,,0,,FALSE,FALSE,FALSE,FALSE,FALSE,FALSE
349290,99999,1933,4,12,41.5,4,,,1015,4,,,3.400000095,4,7.199999809,4,8.899999619,,34,FALSE,,,0,,FALSE,FALSE,FALSE,FALSE,FALSE,FALSE
349290,99999,1933,5,11,66,4,,,,,,,,,2.700000048,4,5.099999905,,50,FALSE,,,0,,FALSE,FALSE,FALSE,FALSE,FALSE,FALSE
307100,99999,1933,10,9,37.79999924,4,,,1030.900024,4,,,,,2.700000048,4,5.099999905,,23,FALSE,,,0,,FALSE,FALSE,FALSE,FALSE,FALSE,FALSE
284400,99999,1933,3,16,6,4,,,1011.700012,4,,,2.5,4,6.300000191,4,13,,-8,TRUE,,,,,FALSE,FALSE,FALSE,FALSE,FALSE,FALSE
307580,99999,1933,6,24,58.20000076,4,,,,,,,4.300000191,4,2.700000048,4,5.099999905,,52,FALSE,,,,,FALSE,FALSE,FALSE,FALSE,FALSE,FALSE
388360,99999,1933,2,6,41.5,4,,,,,,,12.39999962,4,2.200000048,4,5.099999905,,32,FALSE,,,0,,FALSE,FALSE,FALSE,FALSE,FALSE,FALSE
349290,99999,1933,9,4,70.69999695,4,,,,,,,2.200000048,4,2.200000048,4,5.099999905,,54,FALSE,,,0,,FALSE,FALSE,FALSE,FALSE,FALSE,FALSE
307580,99999,1933,9,10,49,4,,,,,,,4.300000191,4,,,,,45,FALSE,,,0,,FALSE,FALSE,FALSE,FALSE,FALSE,FALSE
349290,99999,1933,12,31,20.79999924,4,,,,,,,2.5,4,13.69999981,4,23.89999962,,14,TRUE,,,0,,FALSE,FALSE,FALSE,FALSE,FALSE,FALSE
292630,99999,1933,11,17,7.199999809,4,,,1015.900024,4,,,,,6.5,4,13,,5,TRUE,,,,,FALSE,FALSE,FALSE,FALSE,FALSE,FALSE
30750,99999,1933,8,30,55,4,52.20000076,4,1012.299988,4,,,12.39999962,4,9,4,13,,48.90000153,FALSE,,,0,,FALSE,FALSE,FALSE,FALSE,FALSE,FALSE
292630,99999,1933,11,24,-8,4,,,1023.799988,4,,,,,5.199999809,4,8.899999619,,-24,TRUE,,,0,,FALSE,FALSE,FALSE,FALSE,FALSE,FALSE
33960,99999,1933,5,21,56.5,4,51.5,4,1015.799988,4,,,3.400000095,4,5.199999809,4,8.899999619,,51.09999847,FALSE,,,0,,FALSE,FALSE,FALSE,FALSE,FALSE,FALSE
104160,99999,1933,3,20,42.5,4,38.5,4,999.2999878,4,,,4.300000191,4,19.70000076,4,23.89999962,,39,TRUE,,,0.5099999905,,FALSE,FALSE,FALSE,FALSE,FALSE,FALSE
33960,99999,1933,8,28,68.5,4,62,4,1018.200012,4,,,5.300000191,4,15.5,4,18.10000038,,60.09999847,FALSE,,,0,,FALSE,FALSE,FALSE,FALSE,FALSE,FALSE
388360,99999,1933,3,5,35.79999924,4,,,1025.199951,4,,,4.300000191,4,10,4,18.10000038,,23,TRUE,,,,,FALSE,FALSE,FALSE,FALSE,FALSE,FALSE
33960,99999,1933,1,1,45.29999924,4,44.20000076,4,1008,4,,,5.300000191,4,15.5,4,18.10000038,,42.09999847,FALSE,,,0,,FALSE,FALSE,FALSE,FALSE,FALSE,FALSE
286980,99999,1933,9,20,35.20000076,4,,,1020.900024,4,,,2.5,4,15,4,23.89999962,,32,TRUE,,,0,,FALSE,FALSE,FALSE,FALSE,FALSE,FALSE
325400,99999,1933,12,20,35.5,4,,,998.7999878,4,,,0.6999999881,4,13.5,4,18.10000038,,32,FALSE,,,,,FALSE,FALSE,FALSE,FALSE,FALSE,FALSE
38640,99999,1933,1,28,32.79999924,4,24.5,4,1021,4,,,3.400000095,4,11,4,13,,24.10000038,FALSE,,,0,,FALSE,FALSE,FALSE,FALSE,FALSE,FALSE
33960,99999,1933,1,26,35.79999924,4,28,4,1033.5,4,,,7.800000191,4,14.30000019,4,18.10000038,,33.09999847,FALSE,,,0,,FALSE,FALSE,FALSE,FALSE,FALSE,FALSE
30750,99999,1933,6,1,50.5,4,49.5,4,1013.799988,4,,,9.300000191,4,11,4,13,,48,FALSE,,,0,,FALSE,FALSE,FALSE,FALSE,FALSE,FALSE
370500,99999,1933,5,5,57.20000076,4,,,1016,4,,,5.300000191,4,3,4,5.099999905,,32,FALSE,,,,,FALSE,FALSE,FALSE,FALSE,FALSE,FALSE
355420,99999,1933,8,20,70.69999695,4,,,1009.700012,4,,,3.299999952,4,,,,,54,FALSE,,,,,FALSE,FALSE,FALSE,FALSE,FALSE,FALSE
375450,99999,1933,11,29,34.5,4,,,,,,,2.200000048,4,7,4,8.899999619,,18,TRUE,,,,,FALSE,FALSE,FALSE,FALSE,FALSE,FALSE
39730,99999,1933,7,5,70.5,4,60,4,1022.799988,4,,,12.39999962,4,3.799999952,4,5.099999905,,62.09999847,FALSE,,,0,,FALSE,FALSE,FALSE,FALSE,FALSE,FALSE
372280,99999,1933,5,23,53,4,,,1012.5,4,,,2.5,4,10.30000019,4,18.10000038,,50,TRUE,,,,,FALSE,FALSE,FALSE,FALSE,FALSE,FALSE
105010,99999,1933,12,12,28.5,4,26.79999924,4,1014.5,4,,,3,4,1.299999952,4,5.099999905,,23,FALSE,,,0.009999999776,,FALSE,FALSE,FALSE,FALSE,FALSE,FALSE
296340,99999,1933,7,19,66.19999695,4,,,1007.5,4,,,4,4,2.700000048,4,5.099999905,,52,FALSE,,,0,,FALSE,FALSE,FALSE,FALSE,FALSE,FALSE
122050,99999,1933,12,28,28.79999924,4,27.20000076,4,1001.400024,4,,,2.599999905,4,9,4,13,,25,FALSE,,,0.1199999973,,FALSE,FALSE,FALSE,FALSE,FALSE,FALSE
236310,99999,1933,4,17,37.29999924,4,,,1022.700012,4,,,12.39999962,4,,,,,28,FALSE,,,0,,FALSE,FALSE,FALSE,FALSE,FALSE,FALSE
39530,99999,1933,4,29,50.5,4,44.29999924,4,1005.900024,4,,,26.39999962,4,3.700000048,4,13,,41,FALSE,,,0,,FALSE,FALSE,FALSE,FALSE,FALSE,FALSE
351210,99999,1933,12,26,1.799999952,4,,,1016.700012,4,,,,,20.20000076,4,36.90000153,,-8,FALSE,,,,,FALSE,FALSE,FALSE,FALSE,FALSE,FALSE
38640,99999,1933,3,23,46.70000076,4,34.5,4,1023.799988,4,,,5.300000191,4,25.39999962,4,29.89999962,,44.09999847,FALSE,,,0,,FALSE,FALSE,FALSE,FALSE,FALSE,FALSE
296980,99999,1933,11,25,5.800000191,4,,,1022.599976,4,,,2.5,4,4.800000191,4,8.899999619,,-11,FALSE,,,0,,FALSE,FALSE,FALSE,FALSE,FALSE,FALSE
31590,99999,1933,8,29,61.40000153,4,55,4,1015.099976,4,,,7.099999905,4,3.700000048,4,8.899999619,,55.90000153,FALSE,,,0,,TRUE,TRUE,TRUE,TRUE,TRUE,TRUE
33110,99999,1933,10,11,53.5,4,45.29999924,4,997.2999878,4,,,8.399999619,4,18.39999962,4,23.89999962,,48,FALSE,,,,,FALSE,FALSE,FALSE,FALSE,FALSE,FALSE
38140,99999,1933,8,23,61,4,57.20000076,4,1011,4,,,10.89999962,4,16,4,23.89999962,,57.90000153,FALSE,,,,,FALSE,FALSE,FALSE,FALSE,FALSE,FALSE
375450,99999,1933,10,4,57.70000076,4,,,1017.200012,4,,,6.199999809,4,8.199999809,4,13,,50,TRUE,,,0,,FALSE,FALSE,FALSE,FALSE,FALSE,FALSE
37770,99999,1933,7,9,63.79999924,4,52.70000076,4,1020.5,4,,,10.89999962,4,11.30000019,4,18.10000038,,57.90000153,FALSE,,,,,FALSE,FALSE,FALSE,FALSE,FALSE,FALSE
36010,99999,1933,6,23,56,4,53.20000076,4,1007.900024,4,,,4.699999809,4,3.799999952,4,5.099999905,,53.09999847,FALSE,,,0,,FALSE,FALSE,FALSE,FALSE,FALSE,FALSE
103840,99999,1933,2,12,32.70000076,4,,,1026.599976,4,,,3.700000048,4,7,4,8.899999619,,27,FALSE,,,,,FALSE,FALSE,FALSE,FALSE,FALSE,FALSE
104100,99999,1933,10,11,60.29999924,4,51.20000076,4,1002.799988,4,,,21.70000076,4,18.5,4,23.89999962,,57,FALSE,,,0.1199999973,,FALSE,FALSE,FALSE,FALSE,FALSE,FALSE
355420,99999,1933,8,7,82.30000305,4,,,1004,4,,,5.900000095,4,,,,,70,FALSE,,,0,,FALSE,FALSE,FALSE,FALSE,FALSE,FALSE
37770,99999,1933,7,26,71,4,57,4,1017.599976,4,,,7.5,4,4.300000191,4,5.099999905,,55,FALSE,,,0,,FALSE,FALSE,FALSE,FALSE,FALSE,FALSE
370500,99999,1933,11,1,43.70000076,4,,,1023.599976,4,,,1.899999976,4,10,4,13,,39,FALSE,,,0,,TRUE,TRUE,TRUE,TRUE,TRUE,TRUE
36010,99999,1933,9,10,64.5,4,53.79999924,4,1024.199951,4,,,7.800000191,4,7.199999809,4,8.899999619,,55,FALSE,,,0,,FALSE,FALSE,FALSE,FALSE,FALSE,FALSE
282750,99999,1933,3,23,34.20000076,4,,,1025.400024,4,,,5.300000191,4,2.700000048,4,8.899999619,,28,FALSE,,,0,,FALSE,FALSE,FALSE,FALSE,FALSE,FALSE
282250,99999,1933,7,15,75,4,,,1015.400024,4,,,6.199999809,4,7,4,8.899999619,,54,FALSE,,,0,,FALSE,FALSE,FALSE,FALSE,FALSE,FALSE
104100,99999,1933,2,27,38.79999924,4,30.20000076,4,1013.5,4,,,10.89999962,4,9,4,13,,30,FALSE,,,0,,FALSE,FALSE,FALSE,FALSE,FALSE,FALSE
37770,99999,1933,9,3,65.80000305,4,56.29999924,4,1023.200012,4,,,3.099999905,4,0.5,4,1.899999976,,53.09999847,FALSE,,,0,,FALSE,FALSE,FALSE,FALSE,FALSE,FALSE
282750,99999,1933,3,28,19.29999924,4,,,995.7000122,4,,,3,4,7.199999809,4,18.10000038,,10,TRUE,,,,,FALSE,FALSE,FALSE,FALSE,FALSE,FALSE
33960,99999,1933,12,1,42,4,37.20000076,4,1020.200012,4,,,6.199999809,4,16.79999924,4,18.10000038,,39,FALSE,,,0,,FALSE,FALSE,FALSE,FALSE,FALSE,FALSE
37950,99999,1933,5,27,52.20000076,4,46.20000076,4,1014.400024,4,,,4.5,4,7.699999809,4,13,,46.90000153,FALSE,,,,,FALSE,FALSE,FALSE,FALSE,FALSE,FALSE
286420,99999,1933,1,31,3,4,,,1003.799988,4,,,0.8999999762,4,8.300000191,4,13,,-8,TRUE,,,,,FALSE,FALSE,FALSE,FALSE,FALSE,FALSE
361770,99999,1933,2,4,-14,4,,,1041.599976,4,,,1.399999976,4,3.5,4,5.099999905,,-24,TRUE,,,0,,FALSE,FALSE,FALSE,FALSE,FALSE,FALSE
239140,99999,1933,11,5,33,4,,,998.5,4,,,1.600000024,4,4.300000191,4,5.099999905,,32,FALSE,,,,,FALSE,FALSE,FALSE,FALSE,FALSE,FALSE
295740,99999,1933,10,9,39.5,4,,,1023.700012,4,,,2.200000048,4,0.5,4,1.899999976,,28,FALSE,,,0,,FALSE,FALSE,FALSE,FALSE,FALSE,FALSE
30910,99999,1933,9,10,50.5,4,,,1032.099976,4,,,7.800000191,4,6,4,8.899999619,,37.90000153,FALSE,,,0,,FALSE,FALSE,FALSE,FALSE,FALSE,FALSE
378500,99999,1933,4,24,61.5,4,,,1017.299988,4,,,2.5,4,14.80000019,4,18.10000038,,59,TRUE,,,0,,FALSE,FALSE,FALSE,FALSE,FALSE,FALSE
37770,99999,1933,10,30,43.70000076,4,40.5,4,1007.5,4,,,0.8999999762,4,8,4,8.899999619,,39.90000153,FALSE,,,0,,TRUE,TRUE,TRUE,TRUE,TRUE,TRUE
282250,99999,1933,5,5,33,4,,,997.4000244,4,,,1.299999952,4,12.5,4,18.10000038,,32,FALSE,,,,,FALSE,FALSE,FALSE,FALSE,FALSE,FALSE
352290,99999,1933,11,23,10.5,4,,,1027,4,,,4,4,17.89999962,4,29.89999962,,-2,FALSE,,,0,,FALSE,FALSE,FALSE,FALSE,FALSE,FALSE
236310,99999,1933,9,17,43.70000076,4,,,1015.299988,4,,,,,13,4,23.89999962,,34,TRUE,,,,,FALSE,FALSE,FALSE,FALSE,FALSE,FALSE
296340,99999,1933,9,18,54.5,4,,,1011.400024,4,,,3.400000095,4,11.89999962,4,23.89999962,,43,FALSE,,,,,FALSE,FALSE,FALSE,FALSE,FALSE,FALSE
32620,99999,1933,3,5,45,4,39.20000076,4,995.2000122,4,,,3.400000095,4,8,4,8.899999619,,39,FALSE,,,,,FALSE,FALSE,FALSE,FALSE,FALSE,FALSE
349290,99999,1933,3,27,39.5,4,,,1016,4,,,2.5,4,10.30000019,4,18.10000038,,27,FALSE,,,,,FALSE,FALSE,FALSE,FALSE,FALSE,FALSE
238490,99999,1933,9,9,42.5,4,,,1022.900024,4,,,2.5,4,1.299999952,4,5.099999905,,30,FALSE,,,0,,FALSE,FALSE,FALSE,FALSE,FALSE,FALSE
378500,99999,1933,2,2,37.5,4,,,1019.5,4,,,3,4,10,4,13,,36,TRUE,,,,,FALSE,FALSE,FALSE,FALSE,FALSE,FALSE
30260,99999,1933,4,24,48,4,47,4,1009,4,,,3.400000095,4,7.699999809,4,13,,42.09999847,FALSE,,,0,,FALSE,FALSE,FALSE,FALSE,FALSE,FALSE
375450,99999,1933,4,19,53.5,4,,,1021.400024,4,,,6.800000191,4,,,,,41,FALSE,,,,,FALSE,FALSE,FALSE,FALSE,FALSE,FALSE
372280,99999,1933,8,13,72.5,4,,,1009.299988,4,,,8.399999619,4,6.199999809,4,8.899999619,,63,FALSE,,,0,,FALSE,FALSE,FALSE,FALSE,FALSE,FALSE
236310,99999,1933,2,21,-18.5,4,,,1042.599976,4,,,,,4.300000191,4,5.099999905,,-27,FALSE,,,,,FALSE,FALSE,FALSE,FALSE,FALSE,FALSE
37770,99999,1933,9,8,62.20000076,4,50.79999924,4,1025.599976,4,,,9.300000191,4,12,4,13,,55,FALSE,,,0,,FALSE,FALSE,FALSE,FALSE,FALSE,FALSE
286980,99999,1933,11,27,4,4,,,1017.099976,4,,,3.400000095,4,5.400000095,4,8.899999619,,-17,FALSE,,,0,,FALSE,FALSE,FALSE,FALSE,FALSE,FALSE
360030,99999,1933,4,10,44.5,4,,,1016.700012,4,,,4.800000191,4,1.899999976,4,1.899999976,,28,FALSE,,,0,,FALSE,FALSE,FALSE,FALSE,FALSE,FALSE
38040,99999,1933,8,6,69,4,64,4,1020.599976,4,,,2.5,4,4,4,8.899999619,,59,FALSE,,,0,,FALSE,FALSE,FALSE,FALSE,FALSE,FALSE
374720,99999,1933,10,10,59,4,,,1020,4,,,3.299999952,4,4.300000191,4,5.099999905,,52,FALSE,,,0,,FALSE,FALSE,FALSE,FALSE,FALSE,FALSE
374720,99999,1933,1,28,23.5,4,,,1023.700012,4,,,,,13.69999981,4,23.89999962,,9,TRUE,,,0,,FALSE,FALSE,FALSE,FALSE,FALSE,FALSE
39530,99999,1933,4,13,45.79999924,4,38.20000076,4,1029.599976,4,,,26.39999962,4,8.199999809,4,13,,37.90000153,FALSE,,,0,,FALSE,FALSE,FALSE,FALSE,FALSE,FALSE
296340,99999,1933,11,28,17.20000076,4,,,1013.799988,4,,,3.900000095,4,10.5,4,18.10000038,,-4,FALSE,,,,,FALSE,FALSE,FALSE,FALSE,FALSE,FALSE
239140,99999,1933,9,29,38.29999924,4,,,1029.599976,4,,,5.300000191,4,5.199999809,4,8.899999619,,28,FALSE,,,0,,FALSE,FALSE,FALSE,FALSE,FALSE,FALSE
38140,99999,1933,9,7,64.30000305,4,53.20000076,4,1023.400024,4,,,12.39999962,4,9,4,13,,60.09999847,FALSE,,,0,,FALSE,FALSE,FALSE,FALSE,FALSE,FALSE
32620,99999,1933,4,28,48,4,41,4,1006.5,4,,,5.900000095,4,5.800000191,4,13,,43,FALSE,,,,,FALSE,FALSE,FALSE,FALSE,FALSE,FALSE
378500,99999,1933,10,2,67.5,4,,,1018.400024,4,,,5.300000191,4,10,4,13,,64,TRUE,,,0,,FALSE,FALSE,FALSE,FALSE,FALSE,FALSE
375450,99999,1933,3,22,51.79999924,4,,,1021.5,4,,,5,4,4.5,4,8.899999619,,37,FALSE,,,0,,TRUE,TRUE,TRUE,TRUE,TRUE,TRUE
370500,99999,1933,10,20,52.70000076,4,,,1017.900024,4,,,0.6000000238,4,11.19999981,4,18.10000038,,50,TRUE,,,0,,FALSE,FALSE,FALSE,FALSE,FALSE,FALSE
33960,99999,1933,3,19,44.29999924,4,41.5,4,986.7999878,4,,,5.300000191,4,11,4,13,,39,FALSE,,,,,FALSE,FALSE,FALSE,FALSE,FALSE,FALSE
370500,99999,1933,6,20,69.80000305,4,,,1007.5,4,,,6.199999809,4,4,4,8.899999619,,52,FALSE,,,0,,FALSE,FALSE,FALSE,FALSE,FALSE,FALSE
380620,99999,1933,1,29,11,4,,,1031.099976,4,,,,,5.199999809,4,8.899999619,,-2,FALSE,,,,,FALSE,FALSE,FALSE,FALSE,FALSE,FALSE
375450,99999,1933,8,28,74.80000305,4,,,1010.799988,4,,,6.199999809,4,6.199999809,4,8.899999619,,66,FALSE,,,0,,FALSE,FALSE,FALSE,FALSE,FALSE,FALSE
295740,99999,1933,10,18,37.5,4,,,1023.299988,4,,,3.599999905,4,3.799999952,4,5.099999905,,32,TRUE,,,0,,FALSE,FALSE,FALSE,FALSE,FALSE,FALSE
388800,99999,1933,1,25,33.29999924,4,,,1012.900024,4,,,3.700000048,4,2.200000048,4,5.099999905,,25,FALSE,,,0,,FALSE,FALSE,FALSE,FALSE,FALSE,FALSE
282250,99999,1933,3,14,20.79999924,4,,,992.5999756,4,,,1.899999976,4,7,4,13,,16,FALSE,,,,,FALSE,FALSE,FALSE,FALSE,FALSE,FALSE
370500,99999,1933,6,25,66.19999695,4,,,1005.299988,4,,,4.300000191,4,8,4,18.10000038,,55,FALSE,,,0,,FALSE,FALSE,FALSE,FALSE,FALSE,FALSE
372280,99999,1933,2,18,29.29999924,4,,,1014.200012,4,,,3.400000095,4,3,4,5.099999905,,18,FALSE,,,0,,TRUE,TRUE,TRUE,TRUE,TRUE,TRUE
30750,99999,1933,10,29,48,4,46.90000153,4,1005,4,,,12.39999962,4,15.5,4,18.10000038,,45,FALSE,,,,,FALSE,FALSE,FALSE,FALSE,FALSE,FALSE
32620,99999,1933,4,26,50,4,47.5,4,1008,4,,,2.200000048,4,6,4,8.899999619,,43,FALSE,,,,,FALSE,FALSE,FALSE,FALSE,FALSE,FALSE
287220,99999,1933,10,11,30.20000076,4,,,1031.300049,4,,,4.300000191,4,11,4,13,,25,FALSE,,,0,,FALSE,FALSE,FALSE,FALSE,FALSE,FALSE
295740,99999,1933,8,20,66.19999695,4,,,1010.099976,4,,,5.300000191,4,2.200000048,4,8.899999619,,43,FALSE,,,0,,FALSE,FALSE,FALSE,FALSE,FALSE,FALSE
267020,99999,1933,7,31,64.59999847,5,54.59999847,5,1014.599976,5,,,18.60000038,5,8,5,18.10000038,,55,FALSE,,,0,,FALSE,FALSE,FALSE,FALSE,FALSE,FALSE
34970,99999,1933,8,21,58.40000153,5,48.70000076,4,1006.900024,5,,,6.199999809,5,8.199999809,5,8.899999619,,50,FALSE,,,0,,FALSE,FALSE,FALSE,FALSE,FALSE,FALSE
121160,99999,1933,5,16,43.40000153,5,42.40000153,5,1008.400024,5,,,1.399999976,5,15.19999981,5,23.89999962,,41,FALSE,,,1.059999943,,FALSE,FALSE,FALSE,FALSE,FALSE,FALSE
104100,99999,1933,9,26,61.20000076,5,57.40000153,5,1016.700012,5,,,0.8999999762,5,1.899999976,5,1.899999976,,54,FALSE,,,0.01999999955,,FALSE,FALSE,FALSE,FALSE,FALSE,FALSE
122050,99999,1933,9,2,57.40000153,5,54,5,1006.599976,5,,,8.699999809,5,6.599999905,5,8.899999619,,54,FALSE,,,0.4099999964,,FALSE,FALSE,FALSE,FALSE,FALSE,FALSE
30260,99999,1933,6,4,60.20000076,5,54.5,4,1011.799988,5,,,6,5,4.800000191,5,13,,51.09999847,FALSE,,,0.009999999776,,FALSE,FALSE,FALSE,FALSE,FALSE,FALSE
39800,99999,1933,11,26,36,5,34,4,1011.099976,5,,,6.199999809,5,4,5,8.899999619,,32,FALSE,,,0,,FALSE,FALSE,FALSE,FALSE,FALSE,FALSE
30260,99999,1933,3,15,44.40000153,5,41.79999924,4,1000.200012,5,,,7.5,5,15.69999981,5,23.89999962,,42.09999847,FALSE,,,0.1199999973,,FALSE,FALSE,FALSE,FALSE,FALSE,FALSE
122050,99999,1933,10,4,53.40000153,5,41.59999847,5,1018.900024,5,,,23.60000038,5,5.400000095,5,8.899999619,,41,FALSE,,,0,,FALSE,FALSE,FALSE,FALSE,FALSE,FALSE
260630,99999,1933,7,10,73,5,,,1017.5,5,,,7.199999809,5,6.599999905,5,13,,64,FALSE,,,0,,FALSE,FALSE,FALSE,FALSE,FALSE,FALSE
39530,99999,1933,11,30,51.59999847,5,49.70000076,4,1008.599976,5,,,5.699999809,5,18.39999962,5,23.89999962,,48.90000153,TRUE,,,0.01999999955,,FALSE,FALSE,FALSE,FALSE,FALSE,FALSE
104160,99999,1933,12,31,30,5,28.89999962,5,1017.700012,5,,,0.8000000119,5,0.8000000119,5,1.899999976,,27,FALSE,,,0.1199999973,,TRUE,TRUE,TRUE,TRUE,TRUE,TRUE
267020,99999,1933,10,13,47.79999924,5,45.59999847,5,1017.599976,5,,,3.200000048,5,8.199999809,5,8.899999619,,45,TRUE,,,0.05000000075,,FALSE,FALSE,FALSE,FALSE,FALSE,FALSE
105010,99999,1933,7,12,61,5,53.79999924,5,1012.5,5,,,9.899999619,5,15,5,18.10000038,,55,FALSE,,,0.02999999933,,FALSE,FALSE,FALSE,FALSE,FALSE,FALSE
39730,99999,1933,1,27,37.20000076,5,36.20000076,4,1028.900024,5,,,6.199999809,5,8.199999809,5,8.899999619,,33.09999847,FALSE,,,0,,FALSE,FALSE,FALSE,FALSE,FALSE,FALSE
32620,99999,1933,1,23,29,5,26.20000076,4,1039.5,5,,,2,5,5.099999905,5,5.099999905,,23,FALSE,,,0,,FALSE,FALSE,FALSE,FALSE,FALSE,FALSE
38040,99999,1933,2,3,48,5,47.5,4,1014.700012,5,,,2.799999952,5,13.19999981,5,18.10000038,,44.09999847,FALSE,,,0.1599999964,,TRUE,TRUE,TRUE,TRUE,TRUE,TRUE
267020,99999,1933,8,5,63.79999924,5,55.59999847,5,1014.099976,5,,,11.69999981,5,9.800000191,5,18.10000038,,54,FALSE,,,0,,FALSE,FALSE,FALSE,FALSE,FALSE,FALSE
34970,99999,1933,9,23,51.20000076,5,49,4,1003.200012,5,,,3.400000095,4,7,5,13,,46,FALSE,,,,,FALSE,FALSE,FALSE,FALSE,FALSE,FALSE
30050,99999,1933,2,24,31.60000038,5,27.5,4,1014.700012,5,,,7.5,5,9.800000191,5,13,,28.89999962,FALSE,,,0.01999999955,,FALSE,FALSE,FALSE,FALSE,FALSE,FALSE
105010,99999,1933,5,31,54,5,45.59999847,5,1015.599976,5,,,7.199999809,5,4.400000095,5,8.899999619,,45,FALSE,,,0,,FALSE,FALSE,FALSE,FALSE,FALSE,FALSE
30050,99999,1933,1,20,40,5,36.5,4,1025.800049,5,,,12.39999962,5,6,5,8.899999619,,36,FALSE,,,0.01999999955,,FALSE,FALSE,FALSE,FALSE,FALSE,FALSE
30260,99999,1933,10,1,50.40000153,5,46.79999924,4,1027,5,,,27.29999924,5,1.899999976,5,1.899999976,,43,FALSE,,,,,FALSE,FALSE,FALSE,FALSE,FALSE,FALSE
39730,99999,1933,2,2,42.40000153,5,39,4,1006.900024,5,,,11.19999981,5,15.19999981,5,18.10000038,,37,FALSE,,,0.01999999955,,FALSE,FALSE,FALSE,FALSE,FALSE,FALSE
39730,99999,1933,8,9,58.20000076,5,51.5,4,1017.299988,5,,,11.19999981,5,15.60000038,5,29.89999962,,55,FALSE,,,0.01999999955,,FALSE,FALSE,FALSE,FALSE,FALSE,FALSE
38940,99999,1933,10,28,44.5,6,35.5,4,992.5999756,6,,,11.39999962,6,20,6,23.89999962,,43,FALSE,,,0.009999999776,,FALSE,FALSE,FALSE,FALSE,FALSE,FALSE
260630,99999,1933,11,8,32.70000076,6,,,991.7999878,4,,,8.300000191,6,28.20000076,6,36.90000153,,30,FALSE,,,0,,FALSE,FALSE,FALSE,FALSE,FALSE,FALSE
260630,99999,1933,8,22,59,6,,,1005.200012,6,,,12.39999962,6,7.599999905,6,8.899999619,,55,FALSE,,,0.05999999866,,FALSE,FALSE,FALSE,FALSE,FALSE,FALSE
104100,99999,1933,8,7,76.69999695,6,62.79999924,6,1014.299988,6,,,10.39999962,6,6.300000191,6,8.899999619,,64,FALSE,,,0,,FALSE,FALSE,FALSE,FALSE,FALSE,FALSE
104100,99999,1933,7,14,63.40000153,6,56.29999924,6,1005.900024,6,,,18.20000076,6,13.30000019,6,18.10000038,,57,FALSE,,,0.6399999857,,FALSE,FALSE,FALSE,FALSE,FALSE,FALSE
30050,99999,1933,3,6,43.90000153,6,,,991.4000244,6,,,2.700000048,6,21.10000038,6,23.89999962,,39,FALSE,,,0.3100000024,,FALSE,FALSE,FALSE,FALSE,FALSE,FALSE
105130,99999,1933,7,16,59.79999924,6,54.70000076,6,1010.200012,6,,,20.70000076,6,8.399999619,6,13,,54,FALSE,,,0.2099999934,,FALSE,FALSE,FALSE,FALSE,FALSE,FALSE
106090,99999,1933,5,3,59.09999847,6,,,1007.5,6,,,2.900000095,6,4.800000191,6,13,,50,FALSE,,,0.01999999955,,FALSE,FALSE,FALSE,FALSE,FALSE,FALSE
106090,99999,1933,9,25,59,6,,,1011.099976,6,,,4.300000191,6,3.5,6,5.099999905,,54,FALSE,,,0.07999999821,,FALSE,FALSE,FALSE,FALSE,FALSE,FALSE
260630,99999,1933,6,1,61.29999924,6,,,1009,6,,,14.5,6,6.300000191,6,8.899999619,,46,FALSE,,,0,,FALSE,FALSE,FALSE,FALSE,FALSE,FALSE
38940,99999,1933,12,21,44.20000076,6,33.79999924,4,1038.400024,6,,,6.199999809,6,1.5,6,5.099999905,,41,TRUE,,,0,,FALSE,FALSE,FALSE,FALSE,FALSE,FALSE
38940,99999,1933,8,29,64.69999695,6,61.70000076,4,1017.599976,6,,,2,6,1.5,6,8.899999619,,59,FALSE,,,0.01999999955,,TRUE,TRUE,TRUE,TRUE,TRUE,TRUE
104100,99999,1933,5,2,56,6,46.70000076,6,1011.700012,6,,,3.099999905,6,7,6,8.899999619,,45,FALSE,,,0,,FALSE,FALSE,FALSE,FALSE,FALSE,FALSE
104100,99999,1933,10,27,41.29999924,6,38.79999924,6,993.5999756,6,,,2.299999952,6,17,6,29.89999962,,39,FALSE,,,0.1599999964,,FALSE,FALSE,FALSE,FALSE,FALSE,FALSE
104160,99999,1933,10,5,55.09999847,7,51.90000153,7,1022.700012,7,,,2,7,3,7,5.099999905,,50,TRUE,,,0,,FALSE,FALSE,FALSE,FALSE,FALSE,FALSE
107630,99999,1933,11,11,36.59999847,7,31.5,7,1000.599976,6,,,2.799999952,7,1.799999952,7,5.099999905,,32,FALSE,,,0.01999999955,,FALSE,FALSE,FALSE,FALSE,FALSE,FALSE
107630,99999,1933,7,17,60.29999924,7,51.59999847,7,1020.299988,6,,,10.69999981,7,9,7,13,,50,FALSE,,,0.05000000075,,FALSE,FALSE,FALSE,FALSE,FALSE,FALSE
104160,99999,1933,5,8,52,7,49.70000076,7,1007.099976,7,,,6.699999809,7,9,7,13,,46,FALSE,,,0.1800000072,,FALSE,FALSE,FALSE,FALSE,FALSE,FALSE
105130,99999,1933,5,13,50.70000076,8,47.20000076,8,1014.5,8,,,3.700000048,8,3.400000095,8,13,,45,TRUE,,,0.200000003,,FALSE,FALSE,FALSE,FALSE,FALSE,FALSE
267020,99999,1933,11,28,29.5,8,27.70000076,8,1026.199951,8,,,6.199999809,8,14.30000019,8,18.10000038,,16,TRUE,,,,,FALSE,FALSE,FALSE,FALSE,FALSE,FALSE
722860,23119,1933,12,30,50.59999847,9,,,,,,,14,9,3.200000048,9,6,,46.90000153,TRUE,,,,,FALSE,FALSE,FALSE,FALSE,FALSE,FALSE
722860,23119,1933,6,10,77.80000305,9,,,1013.5,9,,,8.199999809,9,6.099999905,9,9.899999619,,57,TRUE,,,0,,FALSE,FALSE,FALSE,FALSE,FALSE,FALSE
103840,99999,1933,11,28,35.79999924,9,34.79999924,9,1020.299988,9,,,2.799999952,9,10.80000019,9,13,,32,FALSE,,,0.1400000006,,TRUE,TRUE,TRUE,TRUE,TRUE,TRUE
722860,23119,1933,12,1,53.59999847,9,,,1026.099976,9,,,7.300000191,9,1.200000048,9,4.099999905,,34.29999924,TRUE,,,0,,FALSE,FALSE,FALSE,FALSE,FALSE,FALSE
722860,23119,1933,3,22,60,9,,,1012.299988,9,,,8.899999619,9,3.400000095,9,8.899999619,,40.29999924,TRUE,,,0,,FALSE,FALSE,FALSE,FALSE,FALSE,FALSE
722860,23119,1933,4,24,56.29999924,9,,,1012.5,9,,,9.899999619,9,5.099999905,9,7,,50.40000153,TRUE,,,,,FALSE,FALSE,FALSE,FALSE,FALSE,FALSE
722860,23119,1933,12,25,67.80000305,9,,,1016.799988,9,,,9.899999619,9,2.400000095,9,8.899999619,,41.40000153,TRUE,,,0,,FALSE,FALSE,FALSE,FALSE,FALSE,FALSE
726810,24131,1933,9,13,65.19999695,24,41.29999924,24,,,,,29.39999962,24,3.299999952,24,7,,44.40000153,TRUE,,,0,,FALSE,FALSE,FALSE,FALSE,FALSE,FALSE
39800,99999,1934,7,12,63.79999924,4,58.20000076,4,1008.700012,4,,,5,4,1.5,4,1.899999976,,60.09999847,FALSE,,,0,,FALSE,FALSE,FALSE,FALSE,FALSE,FALSE
30260,99999,1934,11,12,41.40000153,4,37.5,4,1002,4,,,10.89999962,4,4.5,4,8.899999619,,37,FALSE,,,0,,FALSE,FALSE,FALSE,FALSE,FALSE,FALSE
299390,99999,1934,7,6,60.79999924,4,,,,,,,1.200000048,4,6,4,13,,55,FALSE,,,,,FALSE,FALSE,FALSE,FALSE,FALSE,FALSE
370310,99999,1934,4,23,52.70000076,4,,,,,,,5.300000191,4,21,4,29.89999962,,48,FALSE,,,0,,FALSE,FALSE,FALSE,FALSE,FALSE,FALSE
102700,99999,1934,10,12,55.5,4,54.5,4,1015.900024,4,,,0.6000000238,4,16.79999924,4,18.10000038,,48,FALSE,,,0.01999999955,,FALSE,FALSE,FALSE,FALSE,FALSE,FALSE
30910,99999,1934,9,14,57.20000076,4,,,1026,4,,,0.8000000119,4,3.5,4,5.099999905,,55,FALSE,,,0.01999999955,,FALSE,FALSE,FALSE,FALSE,FALSE,FALSE
370310,99999,1934,3,24,42,4,,,,,,,2.799999952,4,9.199999809,4,13,,28,FALSE,,,0,,FALSE,FALSE,FALSE,FALSE,FALSE,FALSE
249590,99999,1934,5,16,45,4,,,,,,,10.89999962,4,10.19999981,4,18.10000038,,30,TRUE,,,0,,FALSE,FALSE,FALSE,FALSE,FALSE,FALSE
360030,99999,1934,3,20,21.70000076,4,,,,,,,2.5,4,12,4,13,,16,FALSE,,,0,,FALSE,FALSE,FALSE,FALSE,FALSE,FALSE
378500,99999,1934,1,27,35.5,4,,,,,,,2.799999952,4,16.89999962,4,43.90000153,,28,TRUE,,,0,,FALSE,FALSE,FALSE,FALSE,FALSE,FALSE
106090,99999,1934,4,18,57,4,,,1005.700012,4,,,2.5,4,11.30000019,4,18.10000038,,54,FALSE,,,0.03999999911,,FALSE,FALSE,FALSE,FALSE,FALSE,FALSE
39530,99999,1934,3,12,43.70000076,4,38,4,984.2000122,4,,,9.300000191,4,14.5,4,18.10000038,,37.90000153,FALSE,,,,,FALSE,FALSE,FALSE,FALSE,FALSE,FALSE
368700,99999,1934,10,17,53.70000076,4,,,1025,4,,,12.39999962,4,3.700000048,4,8.899999619,,43,FALSE,,,0,,FALSE,FALSE,FALSE,FALSE,FALSE,FALSE
32620,99999,1934,3,20,42,4,40.20000076,4,997.5999756,4,,,6.199999809,4,12.19999981,4,18.10000038,,39.90000153,FALSE,,,,,FALSE,FALSE,FALSE,FALSE,FALSE,FALSE
387630,99999,1934,10,8,56.29999924,4,,,,,,,6.199999809,4,3,4,5.099999905,,45,FALSE,,,0,,FALSE,FALSE,FALSE,FALSE,FALSE,FALSE
352290,99999,1934,2,2,-4.800000191,4,,,1038.900024,4,,,3.400000095,4,8.899999619,4,8.899999619,,-20,TRUE,,,0,,FALSE,FALSE,FALSE,FALSE,FALSE,FALSE
34970,99999,1934,3,19,39.5,4,37,4,995.5999756,4,,,3.400000095,4,16.39999962,4,23.89999962,,34,FALSE,,,,,FALSE,FALSE,FALSE,FALSE,FALSE,FALSE
377890,99999,1934,3,19,46.29999924,4,,,,,,,6.400000095,4,,,,,34,FALSE,,,0,,FALSE,FALSE,FALSE,FALSE,FALSE,FALSE
315100,99999,1934,6,19,63.20000076,4,,,,,,,5.900000095,4,7.199999809,4,13,,59,TRUE,,,,,FALSE,FALSE,FALSE,FALSE,FALSE,FALSE
286790,99999,1934,7,24,54.79999924,4,,,1011.799988,4,,,2.5,4,3.5,4,5.099999905,,46,FALSE,,,,,FALSE,FALSE,FALSE,FALSE,FALSE,FALSE
292630,99999,1934,1,20,-4,4,,,1041,4,,,,,1.899999976,4,1.899999976,,-8,TRUE,,,,,FALSE,FALSE,FALSE,FALSE,FALSE,FALSE
306360,99999,1934,12,9,7.5,4,,,,,,,1.100000024,4,15.69999981,4,23.89999962,,-2,TRUE,,,0.01999999955,,FALSE,FALSE,FALSE,FALSE,FALSE,FALSE
36010,99999,1934,12,19,51.5,4,48.20000076,4,984.7999878,4,,,5.300000191,4,27.20000076,4,36.90000153,,46.90000153,FALSE,,,,,FALSE,FALSE,FALSE,FALSE,FALSE,FALSE
284400,99999,1934,11,25,29.5,4,,,1035.199951,4,,,2.5,4,8.300000191,4,13,,28,FALSE,,,0,,FALSE,FALSE,FALSE,FALSE,FALSE,FALSE
385070,99999,1934,1,26,30,4,,,1026.900024,4,,,6.199999809,4,5.199999809,4,8.899999619,,28,TRUE,,,0,,FALSE,FALSE,FALSE,FALSE,FALSE,FALSE
295740,99999,1934,9,3,43.20000076,4,,,1016.799988,4,,,,,0.5,4,1.899999976,,32,FALSE,,,0,,FALSE,FALSE,FALSE,FALSE,FALSE,FALSE
351210,99999,1934,6,25,65.80000305,4,,,1012.400024,4,,,,,4.800000191,4,8.899999619,,55,FALSE,,,,,FALSE,FALSE,FALSE,FALSE,FALSE,FALSE
30910,99999,1934,10,12,58.70000076,4,,,1015.799988,4,,,12.39999962,4,12.19999981,4,18.10000038,,52,TRUE,,,0,,FALSE,FALSE,FALSE,FALSE,FALSE,FALSE
363350,99999,1934,12,1,26.29999924,4,,,1030.900024,4,,,1.899999976,4,3.5,4,8.899999619,,19,TRUE,,,0,,FALSE,FALSE,FALSE,FALSE,FALSE,FALSE
38040,99999,1934,7,1,62.79999924,4,59.79999924,4,1026.099976,4,,,5.300000191,4,9,4,13,,55.90000153,FALSE,,,0,,TRUE,TRUE,TRUE,TRUE,TRUE,TRUE
372280,99999,1934,1,26,23.29999924,4,,,1029.5,4,,,1,4,3.700000048,4,8.899999619,,18,FALSE,,,0,,FALSE,FALSE,FALSE,FALSE,FALSE,FALSE
287220,99999,1934,7,12,72.5,4,,,1019.599976,4,,,4,4,2.200000048,4,5.099999905,,59,FALSE,,,0,,FALSE,FALSE,FALSE,FALSE,FALSE,FALSE
38040,99999,1934,7,2,62.20000076,4,59.29999924,4,1027.400024,4,,,6.800000191,4,10,4,13,,57,FALSE,,,0,,TRUE,TRUE,TRUE,TRUE,TRUE,TRUE
351080,99999,1934,5,29,74,4,,,1011.599976,4,,,6.800000191,4,10,4,23.89999962,,55,TRUE,,,0,,FALSE,FALSE,FALSE,FALSE,FALSE,FALSE
351210,99999,1934,6,21,56,4,,,1005.5,4,,,,,4,4,8.899999619,,34,FALSE,,,0,,FALSE,FALSE,FALSE,FALSE,FALSE,FALSE
351080,99999,1934,3,17,29,4,,,1024.199951,4,,,3.299999952,4,12,4,13,,16,FALSE,,,0,,FALSE,FALSE,FALSE,FALSE,FALSE,FALSE
352290,99999,1934,3,20,26.5,4,,,1026.699951,4,,,3.799999952,4,8,4,18.10000038,,16,FALSE,,,0,,FALSE,FALSE,FALSE,FALSE,FALSE,FALSE
106370,99999,1934,12,26,41,4,38.5,4,1016.299988,4,,,3.400000095,4,1.899999976,4,1.899999976,,36,FALSE,,,0.01999999955,,FALSE,FALSE,FALSE,FALSE,FALSE,FALSE
296340,99999,1934,1,14,2.299999952,4,,,1018.799988,4,,,5,4,10,4,13,,-2,FALSE,,,,,FALSE,FALSE,FALSE,FALSE,FALSE,FALSE
286790,99999,1934,7,26,57.5,4,,,1006.5,4,,,2.5,4,5.199999809,4,8.899999619,,46,FALSE,,,0,,FALSE,FALSE,FALSE,FALSE,FALSE,FALSE
282250,99999,1934,10,21,47.79999924,4,,,1006.599976,4,,,5.300000191,4,5.199999809,4,8.899999619,,43,FALSE,,,0,,FALSE,FALSE,FALSE,FALSE,FALSE,FALSE
101510,99999,1934,12,15,40.5,4,,,989.7000122,4,,,2.599999905,4,12,4,13,,39,TRUE,,,0,,FALSE,FALSE,FALSE,FALSE,FALSE,FALSE
239330,99999,1934,7,6,65.5,4,,,1017.200012,4,,,6.800000191,4,8,4,13,,52,FALSE,,,0,,FALSE,FALSE,FALSE,FALSE,FALSE,FALSE
102700,99999,1934,12,21,40,4,38.90000153,4,1016.599976,4,,,0.400000006,4,2.700000048,4,5.099999905,,39,TRUE,,,0.01999999955,,TRUE,TRUE,TRUE,TRUE,TRUE,TRUE
375450,99999,1934,8,24,69.5,4,,,1016.5,4,,,5.300000191,4,,,,,55,FALSE,,,,,FALSE,FALSE,FALSE,FALSE,FALSE,FALSE
30750,99999,1934,8,11,56.5,4,53.79999924,4,996.4000244,4,,,10.89999962,4,9,4,13,,48.90000153,FALSE,,,,,FALSE,FALSE,FALSE,FALSE,FALSE,FALSE
307580,99999,1934,12,17,-4.5,4,,,1028.300049,4,,,1.299999952,4,,,,,-18,TRUE,,,0,,TRUE,TRUE,TRUE,TRUE,TRUE,TRUE
387630,99999,1934,3,31,41.5,4,,,1018.700012,4,,,5.300000191,4,35.70000076,4,43.90000153,,34,FALSE,,,0,,FALSE,FALSE,FALSE,FALSE,FALSE,FALSE
36010,99999,1934,7,18,62.5,4,57.70000076,4,1012.400024,4,,,9.300000191,4,3,4,5.099999905,,59,FALSE,,,,,FALSE,FALSE,FALSE,FALSE,FALSE,FALSE
30750,99999,1934,3,6,36.29999924,4,34.5,4,985.4000244,4,,,12.39999962,4,14.69999981,4,23.89999962,,34,FALSE,,,,,FALSE,FALSE,FALSE,FALSE,FALSE,FALSE
296980,99999,1934,3,2,3.200000048,4,,,1044.699951,4,,,3.5,4,0.5,4,1.899999976,,-18,TRUE,,,0,,FALSE,FALSE,FALSE,FALSE,FALSE,FALSE
298650,99999,1934,12,26,-18.79999924,4,,,1027.800049,4,,,0.5,4,1.700000048,4,5.099999905,,-24,FALSE,,,0,,TRUE,TRUE,TRUE,TRUE,TRUE,TRUE
37950,99999,1934,11,6,43.70000076,4,39.70000076,4,999.4000244,4,,,2.200000048,4,13.30000019,4,18.10000038,,41,FALSE,,,,,FALSE,FALSE,FALSE,FALSE,FALSE,FALSE
239140,99999,1934,4,16,26.5,4,,,1017.900024,4,,,6.199999809,4,7,4,8.899999619,,19,TRUE,,,0,,FALSE,FALSE,FALSE,FALSE,FALSE,FALSE
361770,99999,1934,8,22,68.30000305,4,,,1017.200012,4,,,10.89999962,4,17.20000076,4,23.89999962,,55,FALSE,,,0,,FALSE,FALSE,FALSE,FALSE,FALSE,FALSE
33110,99999,1934,5,19,51.40000153,4,46.29999924,4,1009.400024,4,,,7,4,16,4,23.89999962,,46,FALSE,,,,,FALSE,FALSE,FALSE,FALSE,FALSE,FALSE
286790,99999,1934,6,10,66.19999695,4,,,996.4000244,4,,,2.5,4,3.5,4,5.099999905,,52,FALSE,,,0,,FALSE,FALSE,FALSE,FALSE,FALSE,FALSE
353580,99999,1934,6,10,64.5,4,,,1002.299988,4,,,6.5,4,8,4,13,,57,TRUE,,,0,,FALSE,FALSE,FALSE,FALSE,FALSE,FALSE
102700,99999,1934,11,19,40.5,4,37.29999924,4,1022.299988,4,,,6.5,4,4.300000191,4,5.099999905,,39,FALSE,,,0.01999999955,,FALSE,FALSE,FALSE,FALSE,FALSE,FALSE
375450,99999,1934,7,25,79,4,,,1005.5,4,,,9.300000191,4,12.19999981,4,18.10000038,,68,FALSE,,,0,,FALSE,FALSE,FALSE,FALSE,FALSE,FALSE
351210,99999,1934,6,12,60.29999924,4,,,1012.900024,4,,,,,11.19999981,4,18.10000038,,43,FALSE,,,,,FALSE,FALSE,FALSE,FALSE,FALSE,FALSE
37950,99999,1934,5,1,48.20000076,4,45.5,4,1013.599976,4,,,0.5,4,13.5,4,18.10000038,,42.09999847,FALSE,,,0,,TRUE,TRUE,TRUE,TRUE,TRUE,TRUE
32620,99999,1934,3,6,40.20000076,4,33,4,994.2999878,4,,,5.900000095,4,11.19999981,4,18.10000038,,37,FALSE,,,,,FALSE,FALSE,FALSE,FALSE,FALSE,FALSE
352290,99999,1934,3,10,11.30000019,4,,,1022.700012,4,,,3.200000048,4,3,4,5.099999905,,-9,FALSE,,,0,,FALSE,FALSE,FALSE,FALSE,FALSE,FALSE
380620,99999,1934,12,23,13.80000019,4,,,1025.099976,4,,,1.600000024,4,1.899999976,4,1.899999976,,0,FALSE,,,0,,FALSE,FALSE,FALSE,FALSE,FALSE,FALSE
297420,99999,1934,1,25,5.300000191,4,,,1025.5,4,,,2,4,5.099999905,4,5.099999905,,-6,TRUE,,,0,,FALSE,FALSE,FALSE,FALSE,FALSE,FALSE
284400,99999,1934,12,6,5,4,,,1029.900024,4,,,3.400000095,4,6,4,8.899999619,,3,TRUE,,,0,,FALSE,FALSE,FALSE,FALSE,FALSE,FALSE
298380,99999,1934,7,6,64.5,4,,,1003,4,,,3.599999905,4,4.5,4,8.899999619,,61,TRUE,,,,,FALSE,FALSE,FALSE,FALSE,FALSE,FALSE
39530,99999,1934,6,8,56.29999924,4,50,4,1017.099976,4,,,12.39999962,4,6.199999809,4,8.899999619,,46.90000153,FALSE,,,0,,FALSE,FALSE,FALSE,FALSE,FALSE,FALSE
38140,99999,1934,7,22,65,4,62,4,1010,4,,,2.599999905,4,6.5,4,13,,57.90000153,FALSE,,,0,,FALSE,FALSE,FALSE,FALSE,FALSE,FALSE
36010,99999,1934,6,5,58.5,4,50.5,4,1017.400024,4,,,5.300000191,4,6.199999809,4,8.899999619,,52,FALSE,,,0,,FALSE,FALSE,FALSE,FALSE,FALSE,FALSE
238490,99999,1934,1,24,6.5,4,,,1012.400024,4,,,1.100000024,4,5.199999809,4,8.899999619,,-11,FALSE,,,,,FALSE,FALSE,FALSE,FALSE,FALSE,FALSE
292630,99999,1934,6,30,69.30000305,4,,,1008.799988,4,,,,,7,4,13,,52,FALSE,,,0,,FALSE,FALSE,FALSE,FALSE,FALSE,FALSE
355420,99999,1934,4,1,20.29999924,4,,,1026,4,,,5.599999905,4,17.5,4,43.90000153,,5,TRUE,,,0,,FALSE,FALSE,FALSE,FALSE,FALSE,FALSE
31590,99999,1934,1,15,39.5,4,34.70000076,4,983.7999878,4,,,5.900000095,4,14.30000019,4,18.10000038,,37,FALSE,,,0,,FALSE,FALSE,FALSE,FALSE,FALSE,FALSE
296340,99999,1934,12,10,8.199999809,4,,,1015.5,4,,,1.899999976,4,17,4,23.89999962,,-6,FALSE,,,,,FALSE,FALSE,FALSE,FALSE,FALSE,FALSE